-- phpMyAdmin SQL Dump
-- version 5.2.1
-- https://www.phpmyadmin.net/
--
-- Host: 127.0.0.1
-- Tempo de geração: 14/10/2024 às 04:03
-- Versão do servidor: 10.4.32-MariaDB
-- Versão do PHP: 8.2.12

SET SQL_MODE = "NO_AUTO_VALUE_ON_ZERO";
START TRANSACTION;
SET time_zone = "+00:00";


/*!40101 SET @OLD_CHARACTER_SET_CLIENT=@@CHARACTER_SET_CLIENT */;
/*!40101 SET @OLD_CHARACTER_SET_RESULTS=@@CHARACTER_SET_RESULTS */;
/*!40101 SET @OLD_COLLATION_CONNECTION=@@COLLATION_CONNECTION */;
/*!40101 SET NAMES utf8mb4 */;

--
-- Banco de dados: `testando`
--

-- --------------------------------------------------------

--
-- Estrutura para tabela `alternativas`
--

CREATE TABLE `alternativas` (
  `alternativa_id` int(11) NOT NULL,
  `texto` varchar(255) NOT NULL,
  `correta` tinyint(1) NOT NULL,
  `pergunta_id` int(11) DEFAULT NULL
) ENGINE=InnoDB DEFAULT CHARSET=utf8mb4 COLLATE=utf8mb4_general_ci;

--
-- Despejando dados para a tabela `alternativas`
--

INSERT INTO `alternativas` (`alternativa_id`, `texto`, `correta`, `pergunta_id`) VALUES
(1, 'A) 406', 0, 1),
(2, 'B) 1334', 1, 1),
(3, 'C) 4002', 0, 1),
(4, 'D) 9338', 0, 1),
(5, 'E) 28014', 0, 1),
(6, 'A) 22', 0, 2),
(7, 'B) 25', 0, 2),
(8, 'C) 26', 1, 2),
(9, 'D) 29', 0, 2),
(10, 'E) 36', 0, 2),
(11, 'A) 1 e 2', 0, 3),
(12, 'B) 2 e 2', 0, 3),
(13, 'C) 3 e 1', 0, 3),
(14, 'D) 2 e 1', 0, 3),
(15, 'E) 3 e 3', 1, 3),
(16, 'A) 12', 0, 4),
(17, 'B) 14', 1, 4),
(18, 'C) 16', 0, 4),
(19, 'D) 32', 0, 4),
(20, 'E) 42', 0, 4),
(21, 'A) A', 0, 5),
(22, 'B) B ', 0, 5),
(23, 'C) C', 0, 5),
(24, 'D) D', 0, 5),
(25, 'E) E', 1, 5),
(26, 'A) 4,45kg', 1, 9),
(27, 'B) 8,90kg', 0, 9),
(28, 'C) 17,80g', 0, 9),
(29, 'D) 72,00g', 0, 9),
(30, 'E) 144,00g', 0, 9),
(31, 'A) CaO   ', 0, 6),
(32, 'B) CaC₂', 0, 6),
(33, 'C) CaCO₃', 1, 6),
(34, 'D) Ca(HCO₃)₂  ', 0, 6),
(35, 'E) Ca(OH)HCO₃ ', 0, 6),
(36, 'A) 0,7mg', 0, 7),
(37, 'B) 1,0mg', 0, 7),
(38, 'C) 3,8mg', 1, 7),
(39, 'D) 5,6mg', 0, 7),
(40, 'E) 8,5mg', 0, 7),
(41, 'A) 0,54g', 0, 8),
(42, 'B) 1,08g', 0, 8),
(43, 'C)1,91g', 0, 8),
(44, 'D)2,16g', 1, 8),
(45, 'E) 3,82g', 0, 8),
(46, 'A) 90', 0, 10),
(47, 'B) 210', 0, 10),
(48, 'C) 233,3', 0, 10),
(49, 'D) 330', 1, 10),
(50, 'E) 366,7', 0, 10),
(51, 'A) 10³ G', 0, 15),
(52, 'B) 10⁴ G', 0, 15),
(53, 'C) 10⁵ G', 0, 15),
(54, 'D) 10⁶ G', 0, 15),
(55, 'E) 10⁹ G', 1, 15),
(56, 'A) redução sofrida pelo oxigênio, que é uma reação exotérmica.   ', 0, 12),
(57, 'B) oxidação sofrida pelo magnésio, que é uma reação exotérmica.   ', 1, 12),
(58, 'C) redução sofrida pelo magnésio, que é uma reação endotérmica.   ', 0, 12),
(59, 'D) oxidação sofrida pelo hidrogênio, que é uma reação exotérmica.   ', 0, 12),
(60, 'E) redução sofrida pelo hidrogênio, que é uma reação endotérmica.   ', 0, 12),
(61, 'A) 6,2', 1, 14),
(62, 'B) 15,6', 0, 14),
(63, 'C) 70', 0, 14),
(64, 'D) 622,2', 0, 14),
(65, 'E) 1120', 0, 14),
(66, 'A) produção de fuligem pela fogueira.   ', 0, 11),
(67, 'B) liberação de calor intenso pela fogueira.   ', 0, 11),
(68, 'C) consumo de todo o oxigênio pelas pessoas.   ', 0, 11),
(69, 'D) geração de queimaduras pela emissão de faíscas da lenha.   ', 0, 11),
(70, 'E) geração de monóxido de carbono pela combustão incompleta da lenha.   ', 1, 11),
(71, 'A) 565 MJ.', 0, 13),
(72, 'B) 452 MJ.', 1, 13),
(73, 'C) 520 MJ.', 0, 13),
(74, 'D) 390 MJ.', 0, 13),
(75, 'E) 348 MJ.', 0, 13),
(76, 'A) formação de chuva ácida.   ', 1, 16),
(77, 'B) surgimento de ilha de calor.   ', 0, 16),
(78, 'C) redução da camada de ozônio.   ', 0, 16),
(79, 'D) ocorrência de inversão térmica.', 0, 16),
(80, 'E) emissão de gases de efeito estufa.', 0, 16),
(81, 'A) reduzir o calor irradiado pela Terra mediante a substituição da produção primária pela industrialização refrigerada.  ', 0, 17),
(82, 'B) promover a queima da biomassa vegetal, responsável pelo aumento do efeito estufa devido à produção de CH₄. ', 0, 17),
(83, 'C) reduzir o desmatamento, mantendo-se, assim, o potencial da vegetação em absorver o CO₂ da atmosfera.   ', 1, 17),
(84, 'D) aumentar a concentração atmosférica de H₂O, molécula capaz de absorver grande quantidade de calor.', 0, 17),
(85, 'E) remover moléculas orgânicas polares da atmosfera, diminuindo a capacidade delas de reter calor.   ', 0, 17),
(86, 'A) diluição das águas do rio pelo novo efluente lançado nele. ', 0, 18),
(87, 'B) precipitação do íon sulfato na presença do efluente da nova fábrica.   ', 0, 18),
(88, 'C) biodegradação do ácido sulfúrico em contato com o novo efluente descartado.  ', 0, 18),
(89, 'D) diminuição da acidez das águas do rio pelo efluente da fábrica de papel e celulose.   ', 1, 18),
(90, 'E) volatilização do ácido sulfúrico após contato com o novo efluente introduzido no rio.', 0, 18),
(91, 'A) precipitação ácida.  ', 1, 19),
(92, 'B) alteração do ciclo hidrológico.   ', 0, 19),
(93, 'C) alteração no ciclo de carbono.   ', 0, 19),
(94, 'D) intensificação do efeito estufa.', 0, 19),
(95, 'E) precipitação de íons metálicos tóxicos na superfície.', 0, 19),
(96, 'A) oxigênio', 0, 20),
(97, 'B) hidrogênio.   ', 0, 20),
(98, 'C) cloro.   ', 0, 20),
(99, 'D) dióxido de carbono.   ', 1, 20),
(100, 'E) monóxido de carbono.   ', 0, 20),
(101, 'A) fusão.   ', 0, 21),
(102, 'B) liquefação.', 0, 21),
(103, 'C) evaporação.   ', 1, 21),
(104, 'D) solidificação.   ', 0, 21),
(105, 'E) condensação.', 0, 21),
(106, 'A) Azeite.  ', 0, 22),
(107, 'B) Vinagre.    ', 0, 22),
(108, 'C) Detergente.    ', 1, 22),
(109, 'D) Água sanitária.  ', 0, 22),
(110, 'E) Sal de cozinha.    ', 0, 22),
(111, 'A) Decantação e coagulação.   ', 0, 23),
(112, 'B) Decantação e filtração.   ', 0, 23),
(113, 'C) Coagulação e desinfecção.  ', 1, 23),
(114, 'D) Floculação e filtração.   ', 0, 23),
(115, 'E) Filtração e fluoretação. ', 0, 23),
(116, 'A) os três tipos de água descritos na legislação são potáveis.   ', 1, 24),
(117, 'B) toda água engarrafada vendida no comércio é água mineral.   ', 0, 24),
(118, 'C) água purificada adicionada de sais é um produto natural encontrado em algumas fontes específicas.   ', 0, 24),
(119, 'D) a água potável de mesa é adequada para o consumo humano porque apresenta extensa flora bacteriana. ', 0, 24),
(120, 'E) a legislação brasileira reconhece que todos os tipos de água têm ação medicamentosa.   ', 0, 24),
(121, 'A) aumento da salinidade, em que a água do solo atinge uma concentração de sais maior que a das células das raízes das plantas, impedindo, assim, que a água seja absorvida.   ', 1, 25),
(122, 'B) aumento da salinidade, em que o solo atinge um nível muito baixo de água, e as plantas não têm força de sucção para absorver a água.   ', 0, 25),
(123, 'C) diminuição da salinidade, que atinge um nível em que as plantas não têm força de sucção, fazendo com que a água não seja absorvida', 0, 25),
(124, 'D) aumento da salinidade, que atinge um nível em que as plantas têm muita sudação, não tendo força de sucção para superá-la.   ', 0, 25),
(125, 'E) diminuição da salinidade, que atinge um nível em que as plantas ficam túrgidas e não têm força de sudação para superá-la.  ', 0, 25),
(126, 'A) Difração.  ', 0, 26),
(127, 'B) Reflexão.', 0, 26),
(128, 'C) Refração.  ', 0, 26),
(129, 'D) Interferência.  ', 1, 26),
(130, 'E) Efeito Doppler.  ', 0, 26),
(131, 'A) intensidade sonora do som de cada instrumento musical. ', 0, 27),
(132, 'B) potência sonora do som emitido pelos diferentes instrumentos musicais.', 0, 27),
(133, 'C) diferente velocidade de propagação do som emitido por cada instrumento musical.', 0, 27),
(134, 'D) timbre do som, que faz com que os formatos das ondas de cada instrumento sejam diferentes.', 1, 27),
(135, 'E) altura do som, que possui diferentes frequências para diferentes instrumentos musicais.', 0, 27),
(136, 'A) Amplitude.  ', 0, 28),
(137, 'B) Polarização.  ', 0, 28),
(138, 'C) Frequência.', 1, 28),
(139, 'D) Intensidade.', 0, 28),
(140, 'E) Velocidade.', 0, 28),
(141, 'A) difração.  ', 0, 29),
(142, 'B) dispersão.  ', 0, 29),
(143, 'C) reflexão.   ', 0, 29),
(144, 'D) refração.  ', 0, 29),
(145, 'E) polarização.', 1, 29),
(146, 'A) reflexão.', 0, 30),
(147, 'B) refração.', 0, 30),
(148, 'C) ressonância. ', 1, 30),
(149, 'D) superposição.', 0, 30),
(150, 'E) difração.  ', 0, 30),
(151, 'A) refletem partículas de luz (fótons), que atingem os olhos.  ', 1, 31),
(152, 'B) geram partículas de luz (fótons), convertidas pela fonte externa. ', 0, 31),
(153, 'C) são atingidos por partículas de luz (fótons), emitidas pelos olhos.', 0, 31),
(154, 'D) refletem partículas de luz (fótons), que se chocam com os fótons emitidos pelos olhos.', 0, 31),
(155, 'E) são atingidos pelas partículas de luz (fótons), emitidas pela fonte externa e pelos olhos.  ', 0, 31),
(156, 'A) refração da luz nas camadas de ar próximas do chão quente.   ', 1, 32),
(157, 'B) reflexão da luz ao incidir no solo quente.  ', 0, 32),
(158, 'C) reflexão difusa da luz na superfície rugosa.', 0, 32),
(159, 'D) dispersão da luz nas camadas de ar próximas do chão quente.', 0, 32),
(160, 'E) difração da luz nas camadas de ar próximas do chão quente.', 0, 32),
(161, 'A) ressonância.', 0, 33),
(162, 'B) refração.', 1, 33),
(163, 'C) difração. ', 0, 33),
(164, 'D) reflexão.', 0, 33),
(165, 'E) difusão.', 0, 33),
(166, 'A) A diminuição de sua energia.', 0, 34),
(167, 'B) O aumento de sua frequência.  ', 1, 34),
(168, 'C) A diminuição de sua amplitude.  ', 0, 34),
(169, 'D) O aumento de sua intensidade.  ', 0, 34),
(170, 'E) A diminuição de sua velocidade.  ', 0, 34),
(171, 'A) Mudou de sentido.   ', 0, 35),
(172, 'B) Sofreu reflexão total. ', 0, 35),
(173, 'C) Atingiu o valor do ângulo limite.  ', 0, 35),
(174, 'D) Direcionou-se para a superfície de separação.', 0, 35),
(175, 'E) Aproximou-se da normal à superfície de separação.  ', 1, 35),
(176, 'A) peso dos corpos.  ', 0, 36),
(177, 'B) resistência do ar.   ', 1, 36),
(178, 'C) massa dos corpos. ', 0, 36),
(179, 'D) densidade dos corpos.   ', 0, 36),
(180, 'E) aceleração da gravidade.', 0, 36),
(181, 'A) 0,7   ', 0, 37),
(182, 'B) 1,4', 0, 37),
(183, 'C) 1,5 ', 1, 37),
(184, 'D) 2 ', 0, 37),
(185, 'E) 3', 0, 37),
(186, 'A) 0,08 m/s²  ', 0, 38),
(187, 'B) 0,30 m/s² ', 1, 38),
(188, 'C) 1,10 m/s²  ', 0, 38),
(189, 'D) 1,60 m/s²   ', 0, 38),
(190, 'E) 3,90 m/s²', 0, 38),
(191, 'A) menor, pois a força normal com o solo é menor.  ', 0, 39),
(192, 'B) menor, pois a altura do salto seria maior. ', 0, 39),
(193, 'C) igual, pois o impulso aplicado pelo astronauta é o mesmo. ', 0, 39),
(194, 'D) maior, pois a aceleração da gravidade é seis vezes menor.  ', 1, 39),
(195, 'E) maior, pois na ausência de atmosfera não há resistência do ar. ', 0, 39),
(196, 'A) 0,05.   ', 0, 40),
(197, 'B) 11,1. ', 0, 40),
(198, 'C) 0,18.  ', 1, 40),
(199, 'D) 22,2. ', 0, 40),
(200, 'E) 0,50.  ', 0, 40),
(201, 'A) resistividade da conexão, que diminui devido à variação de temperatura do circuito.', 0, 45),
(202, 'B) corrente elétrica superior ao máximo que a tomada múltipla pode suportar.', 1, 45),
(203, 'C) resistência elétrica elevada na conexão simultânea de aparelhos eletrodomésticos.', 0, 45),
(204, 'D) tensão insuficiente para manter todos os aparelhos eletrodomésticos em funcionamento.', 0, 45),
(205, 'E) intensidade do campo elétrico elevada, que causa o rompimento da rigidez dielétrica da tomada múltipla.', 0, 45),
(206, 'A) 0,24. ', 0, 41),
(207, 'B) 1,80.  ', 0, 41),
(208, 'C) 1,92.  ', 0, 41),
(209, 'D) 12,48.  ', 1, 41),
(210, 'E) 14,40.', 0, 41),
(211, 'A) 1/6.', 0, 42),
(212, 'B) 5/6. ', 0, 42),
(213, 'C) 4.  ', 1, 42),
(214, 'D) 6.  ', 0, 42),
(215, 'E) 8.  ', 0, 42),
(216, 'A) oferece resistência nula ao movimento da quantidade líquida de carga através do corpo.', 0, 43),
(217, 'B) permite que uma quantidade de carga se desloque com facilidade através do corpo.', 1, 43),
(218, 'C) permite que uma quantidade de carga se desloque com dificuldade através do corpo.', 0, 43),
(219, 'D) reduz o deslocamento da quantidade líquida de carga em função do aumento da diferença potencial.', 0, 43),
(220, 'E) alterna a capacidade de deslocamento da quantidade de carga no corpo, facilitando ou dificultando o fenômeno.', 0, 43),
(221, 'A) 0,005 ', 0, 44),
(222, 'B) 0,125 ', 0, 44),
(223, 'C) 2,5   ', 0, 44),
(224, 'D) 5,0  ', 1, 44),
(225, 'E) 8,0', 0, 44);

-- --------------------------------------------------------

--
-- Estrutura para tabela `correcoes`
--

CREATE TABLE `correcoes` (
  `correcao_id` int(11) NOT NULL,
  `pergunta_id` int(11) DEFAULT NULL,
  `texto` text DEFAULT NULL
) ENGINE=InnoDB DEFAULT CHARSET=utf8mb4 COLLATE=utf8mb4_general_ci;

--
-- Despejando dados para a tabela `correcoes`
--

INSERT INTO `correcoes` (`correcao_id`, `pergunta_id`, `texto`) VALUES
(1, 1, 'Para determinar quantas Terras cabem dentro de Júpiter, vamos usar as informações fornecidas para calcular a relação entre os volumes dos planetas.\r\n\r\nCalcular o volume de Netuno em relação à Terra:\r\n\r\nDentro de Netuno cabem 58 Terras.\r\nCalcular o volume de Júpiter em relação a Netuno:\r\n\r\nDentro de Júpiter cabem 23 Netunos.\r\nPortanto, o volume de Júpiter em relação à Terra pode ser encontrado multiplicando o volume de Netuno pelo número de Netunos que cabem dentro de Júpiter:\r\n\r\nVolume de Júpiter= 23× Volume de Netuno\r\n\r\nVolume de Júpiter= 23× (58 x volume da Terra) Volume de Netuno\r\n\r\nCalcular o número de Terras que cabem dentro de Júpiter:\r\n\r\nVolume de Júpiter= 23 × 58 x Volume da Terra\r\n\r\n\r\nPortanto, 1334 Terras cabem dentro de Júpiter.\r\n\r\nA resposta correta é B) 1334.'),
(6, 2, 'Para resolver o problema, precisamos calcular a pontuação total desse time com base nos resultados informados.\r\n\r\nO time teve 5 vitórias, e cada vitória vale 3 pontos.\r\n\r\n5 vitórias X 3 pontos = 15pontos\r\n\r\nO time teve 7 empates, sendo 3 sem gols e 4 com gols.\r\n\r\nEmpates sem gols valem 1 ponto cada.\r\n\r\n3 empates sem gols × 1 ponto = 3 pontos\r\n\r\nEmpates com gols valem 2 pontos cada.\r\n\r\n4 empates com gols × 2 pontos = 8 pontos\r\n\r\n\r\nAgora, somamos todos os pontos:\r\n\r\n15 pontos + 3 pontos  + 8 pontos = 26 pontos\r\n\r\nPortanto, a pontuação total do time é 26.\r\n\r\nA resposta correta é a alternativa C) 26.'),
(7, 3, 'Pacote 1: 40 reais por show.\r\n\r\n40×7=280 reais.\r\n\r\nPacote 2: 80 reais fixos mais 10 reais por show.\r\n80\r\n\r\n80+(10×7)=80+70=150 reais.\r\n\r\nPacote 3: 60 reais para até 4 shows, mais 15 reais por show extra. João assistirá 3 shows a mais.\r\n\r\n60+(15×3)=60+45=105 reais.\r\n\r\nO pacote mais barato para João é o Pacote 3 (105 reais).\r\n\r\nPara Maria (4 shows):\r\nPacote 1: 40 reais por show.\r\n\r\n40×4=160 reais.\r\n\r\nPacote 2: 80 reais fixos mais 10 reais por show.\r\n\r\n80+(10×4)=80+40=120 reais.\r\n\r\nPacote 3: 60 reais para até 4 shows (como Maria assistirá exatamente 4 shows, não há custo adicional).\r\n\r\n60 reais.\r\n\r\nO pacote mais barato para Maria é o Pacote 3 (60 reais).\r\n\r\nConclusão:\r\nAs melhores opções para João e Maria são, respectivamente, os pacotes 3 e 3.\r\n\r\nResposta correta: E) 3 e 3.'),
(8, 4, 'Vamos calcular o número total de candidatos selecionados pelo clube de futebol.\r\n\r\nNúmero total de candidatos: 48.\r\n\r\nCandidatos com mais de 14 anos: \r\n\r\n​\r\n7/8 dos 48 candidatos.\r\n\r\n7\r\n8\r\n×\r\n48\r\n=\r\n42\r\n8\r\n7\r\n​\r\n7/8×48=42\r\nEntão, 42 candidatos foram pré-selecionados.\r\n\r\nPré-selecionados com estatura igual ou superior à mínima exigida: \r\n1\r\n2\r\n2\r\n1\r\n​\r\n1/2 dos 42 pré-selecionados.\r\n\r\n1\r\n2\r\n×\r\n42\r\n=\r\n21\r\n2\r\n1\r\n​\r\n1/2×42=21\r\nEntão, 21 candidatos atendem ao requisito de estatura.\r\n\r\nCandidatos com bom preparo físico: \r\n\r\n​\r\n2/3 dos 21 candidatos com estatura adequada.\r\n\r\n\r\n​\r\n2/3×21=14\r\nEntão, 14 candidatos foram selecionados.\r\n\r\nPortanto, a quantidade de candidatos selecionados pelo clube de futebol foi 14.\r\n\r\nResposta correta: B) 14.'),
(9, 5, 'Vamos calcular a quantidade total de massa da medicação ingerida para cada opção para determinar qual delas resulta na menor quantidade de medicamento.\r\n\r\nOpção A\r\nDosagem: 400 mg\r\nIntervalo: a cada 3 horas\r\nDuração: 1 semana (7 dias)\r\nNúmero total de doses por dia:\r\n\r\n\r\n​\r\n 24/3=8 doses por dia\r\nNúmero total de doses em 1 semana:\r\n\r\n\r\n8 doses/dia×7 dias=56 doses\r\nQuantidade total de medicação:\r\n\r\n56 doses×400 mg/dose=22,400 mg\r\n\r\nOpção B\r\nDosagem: 400 mg\r\nIntervalo: a cada 4 horas\r\nDuração: 10 dias\r\nNúmero total de doses por dia:\r\n\r\n\r\n​\r\n24/4 =6 doses por dia\r\nNúmero total de doses em 10 dias:\r\n\r\n\r\n6 doses/dia×10 dias=60 doses\r\nQuantidade total de medicação:\r\n\r\n\r\n60 doses×400 mg/dose=24,000 mg\r\n\r\nOpção C\r\nDosagem: 400 mg\r\nIntervalo: a cada 6 horas\r\nDuração: 2 semanas (14 dias)\r\nNúmero total de doses por dia:\r\n\r\n 26/6=4 doses por dia\r\nNúmero total de doses em 14 dias:\r\n\r\n4 doses/dia×14 dias=56 doses\r\nQuantidade total de medicação:\r\n\r\n56 doses×400 mg/dose=22,400 mg\r\nOpção D\r\nDosagem: 500 mg\r\nIntervalo: a cada 8 horas\r\nDuração: 10 dias\r\nNúmero total de doses por dia:\r\n\r\n\r\n 24/8=3 doses por dia\r\nNúmero total de doses em 10 dias:\r\n\r\n\r\n3 doses/dia×10 dias=30 doses\r\nQuantidade total de medicação:\r\n\r\n\r\n30 doses×500 mg/dose=15,000 mg\r\nOpção E\r\nDosagem: 500 mg\r\nIntervalo: a cada 12 horas\r\nDuração: 2 semanas (14 dias)\r\nNúmero total de doses por dia:\r\n\r\n\r\n​\r\n 24/12=2 doses por dia\r\nNúmero total de doses em 14 dias:\r\n\r\n\r\n2 doses/dia×14 dias=28 doses\r\nQuantidade total de medicação:\r\n\r\n\r\n28 doses×500 mg/dose=14,000 mg\r\nConclusão\r\nComparando as quantidades totais:\r\n\r\nOpção A: 22,400 mg\r\nOpção B: 24,000 mg\r\nOpção C: 22,400 mg\r\nOpção D: 15,000 mg\r\nOpção E: 14,000 mg\r\nPortanto, a opção que resulta na menor quantidade total de medicação é a Opção E.\r\n\r\nResposta correta: E) E.');

-- --------------------------------------------------------

--
-- Estrutura para tabela `estatisticas_usuarios`
--

CREATE TABLE `estatisticas_usuarios` (
  `estatistica_id` int(11) NOT NULL,
  `usuario_id` int(11) DEFAULT NULL,
  `materia_id` int(11) DEFAULT NULL,
  `acertos` int(11) DEFAULT 0,
  `erros` int(11) DEFAULT 0,
  `total_perguntas` int(11) DEFAULT 0
) ENGINE=InnoDB DEFAULT CHARSET=utf8mb4 COLLATE=utf8mb4_general_ci;

-- --------------------------------------------------------

--
-- Estrutura para tabela `materias`
--

CREATE TABLE `materias` (
  `id` int(11) NOT NULL,
  `nome` varchar(255) NOT NULL
) ENGINE=InnoDB DEFAULT CHARSET=utf8mb4 COLLATE=utf8mb4_general_ci;

--
-- Despejando dados para a tabela `materias`
--

INSERT INTO `materias` (`id`, `nome`) VALUES
(1, 'PORTUGUÊS'),
(2, 'MATEMÁTICA'),
(3, 'BIOLOGIA'),
(4, 'QUÍMICA'),
(5, 'FÍSICA'),
(6, 'HISTÓRIA'),
(7, 'GEOGRAFIA'),
(8, 'FILOSOFIA'),
(9, 'SOCIOLOGIA'),
(10, 'INGLÊS'),
(11, 'ESPANHOL\r\n');

-- --------------------------------------------------------

--
-- Estrutura para tabela `pdfs`
--

CREATE TABLE `pdfs` (
  `pdf_id` int(11) NOT NULL,
  `titulo` varchar(255) NOT NULL,
  `url` text NOT NULL,
  `subconteudo_id` int(11) DEFAULT NULL
) ENGINE=InnoDB DEFAULT CHARSET=utf8mb4 COLLATE=utf8mb4_general_ci;

--
-- Despejando dados para a tabela `pdfs`
--

INSERT INTO `pdfs` (`pdf_id`, `titulo`, `url`, `subconteudo_id`) VALUES
(1, 'teste', 'https://me-qr.com/sBoPfJmg', 1),
(2, 'Óptica', '../../assets/pdfs/OPTICA.pdf', 44),
(3, 'Cinemática', '../../assets/pdfs/CINEMATICA.pdf\r\n', 45),
(4, 'Eletrodinâmica', '../../assets/pdfs/ELETRODINAMICA.pdf\r\n', 46),
(5, 'Estequiometria', '../../assets/pdfs/ESTEQUIOMETRIA.pdf\r\n', 13),
(6, 'Ondulatória', '../../assets/pdfs/ONDULATORIA.pdf\r\n', 43),
(7, 'Termoquímica', '../../assets/pdfs/TERMOQUIMICA.pdf\r\n', 15),
(8, 'Água e suas propriedades', '../../assets/pdfs/AGUA_E_SUAS_PROPRIEDADES.pdf\r\n', 16),
(9, 'Funções inorgânicas', '../../assets/pdfs/FUNCOES_INORGANICAS.pdf\r\n', 14);

-- --------------------------------------------------------

--
-- Estrutura para tabela `perguntas`
--

CREATE TABLE `perguntas` (
  `pergunta_id` int(11) NOT NULL,
  `enunciado` text NOT NULL,
  `questionario_id` int(11) DEFAULT NULL
) ENGINE=InnoDB DEFAULT CHARSET=utf8mb4 COLLATE=utf8mb4_general_ci;

--
-- Despejando dados para a tabela `perguntas`
--

INSERT INTO `perguntas` (`pergunta_id`, `enunciado`, `questionario_id`) VALUES
(1, 'A disparidade de volume entre os planetas é tão grande que seria possível colocá-los uns dentro dos outros. O planeta Mercúrio é o menor de todos. Marte é o segundo menor: dentro dele cabem três Mercúrios. Terra é o único com vida: dentro dela cabem sete Martes. Netuno e o quarto maior: dentro dele cabem 58 Terras. Júpiter é o maior dos planetas: dentro dele cabem 23 Netunos.\\r\\n\\r\\nRevista Veja. Ano 41, nº. 26, 25 jun. 2008 (adaptado)\\r\\n\\r\\nSeguindo o raciocínio proposto, quantas Terras cabem dentro de Júpiter?', 4),
(2, 'Em um torneio interclasses de um colégio, visando estimular o aumento do número de gols nos jogos de futebol, a comissão organizadora estabeleceu a seguinte forma de contagem de pontos para cada partida: uma vitória vale três pontos, um empate com gols vale dois pontos, um empate sem gols vale um ponto e uma derrota vale zero ponto. Após 12 jogos, um dos times obteve como resultados cinco vitórias e sete empates, dos quais, três sem gols.', 4),
(3, 'Na cidade de João e Maria, haverá shows em uma boate. Pensando em todos, a boate propôs pacotes para que os fregueses escolhessem o que seria melhor para si.\\r\\n\\r\\nPacote 1: taxa de 40 reais por show.\\r\\n\\r\\nPacote 2: taxa de 80 reais mais 10 reais por show.\\r\\n\\r\\nPacote 3: taxa de 60 reais para 4 shows, e 15 reais por cada show a mais.\\r\\n\\r\\nJoão assistirá a 7 shows e Maria, a 4. As melhores opções para João e Maria são, respectivamente, os pacotes', 4),
(4, 'Um clube de futebol abriu inscrições para novos jogadores. Inscreveram-se 48 candidatos. Para realizar uma boa seleção, deverão ser escolhidos os que cumpram algumas exigências: os jogadores deverão ter mais de 14 anos, estatura igual ou superior à mínima exigida e bom preparo físico. Entre os candidatos, 7/8 têm mais de 14 anos e foram pré-selecionados. Dos pré-selecionados, 1/2 têm estatura igual ou superior à mínima exigida e, destes, 2/3 têm bom preparo físico.\\r\\n\\r\\nA quantidade de candidatos selecionados pelo clube de futebol foi', 4),
(5, 'Um paciente precisa ser submetido a um tratamento, sob orientação médica, com determinado medicamento. Há cinco possibilidades de medicação, variando a dosagem e o intervalo de ingestão do medicamento. As opções apresentadas são:\\r\\n\\r\\nA: um comprimido de 400 mg, de 3 em 3 horas, durante 1 semana;\\r\\nB: um comprimido de 400 mg, de 4 em 4 horas, durante 10 dias;\\r\\nC: um comprimido de 400 mg, de 6 em 6 horas, durante 2 semanas;\\r\\nD: um comprimido de 500 mg, de 8 em 8 horas, durante 10 dias;\\r\\nE: um comprimido de 500 mg, de 12 em 12 horas, durante 2 semanas.\\r\\n\\r\\nPara evitar efeitos colaterais e intoxicação, a recomendação é que a quantidade total de massa da medicação ingerida, em miligramas, seja a menor possível.\\r\\n\\r\\nSeguindo a recomendação, deve ser escolhida a opção', 4),
(6, 'Uma antiga forma de produzir um dos constituintes de argamassas é o aquecimento a altas temperaturas de materiais componentes dos sambaquis, que são sítios arqueológicos formados essencialmente por restos de moluscos. A decomposição térmica da principal substância desses sítios arqueológicos resulta na formação de dois compostos apenas. Um deles é um óxido sólido e o outro é um óxido gasoso. A reação do primeiro com água resulta na formação de Ca(OH)2 (aquoso), enquanto a reação do segundo resulta em H2CO3 (aquoso).\r\n\r\n \r\n\r\nA fórmula da principal substância encontrada nesses sítios arqueológicos é:', 5),
(7, 'Climatério é o nome de um estágio no processo de amadurecimento de determinados frutos, caracterizado pelo aumento do nível da respiração celular e do gás etileno (C2H4). Como consequência, há o escurecimento do fruto, o que representa a perda de muitas toneladas de alimentos a cada ano.\r\n\r\nÉ possível prolongar a vida de um fruto climatérico pela eliminação do etileno produzido. Na indústria, utiliza-se o permanganato de potássio (KMnO4) para oxidar o etileno a etilenoglicol (HOCH2CH2OH), sendo o processo representado de forma simplificada na equação:\r\n\r\n \r\n\r\n2 KMnO4 + 3 C2H4 + 4 H2O \r\n→\r\n 2 MnO2 + 3 HOCH2CH2OH + 2 KOH\r\n\r\n \r\n\r\nO processo de amadurecimento começa quando a concentração de etileno no ar está em cerca de 1,0 mg de C2H4 por kg de ar.\r\n\r\nAs massas molares dos elementos H, C, O, K e Mn são, respectivamente, iguais a 1 g/mol, 12 g/mol, 16 g/mol, 39 g/mol e 55 g/mol.\r\n\r\n \r\n\r\nA fim de diminuir essas perdas, sem desperdício de reagentes, a massa mínima de KMnO4 por kg de ar é mais próxima de', 5),
(8, 'Objetos de prata sofrem escurecimento devido à sua reação com enxofre. Estes materiais recuperam seu brilho característico quando envoltos por papel alumínio e mergulhados em um recipiente contendo água quente e sal de cozinha.\r\n\r\n \r\n\r\nA reação não balanceada que ocorre é:\r\n\r\n \r\n\r\nAg2S (s) + Al (s) \r\n→\r\n Al2S3 (s) + Ag (s)\r\n\r\n \r\n\r\nDados da massa molar dos elementos (g mol–1): Ag = 108; S = 32.\r\n\r\nUCKO, D. A. Química para as ciências da saúde: uma introdução à química geral, orgânica e biológica. São Paulo: Manole, 1995 (adaptado).\r\n\r\n \r\n\r\nUtilizando o processo descrito, a massa de prata metálica que será regenerada na superfície de um objeto que contém 2,48 g de Ag2S é', 5),
(9, 'Um marceneiro esqueceu um pacote de pregos ao relento, expostos à umidade do ar e à chuva. Com isso, os pregos de ferro, que tinham a massa de 5,6 g cada, acabaram cobertos por uma camada espessa de ferrugem (Fe2O3  H2O), uma substância marrom insolúvel, produto da oxidação do ferro metálico, que ocorre segundo a equação química:\r\n\r\n \r\n\r\n2 Fe (s) + 3/2 O2 (g) + H2O (l) \r\n→\r\n Fe2O3  H2O (s)\r\n\r\n \r\n\r\nConsidere as massas molares (g/mol): H = 1; O = 16; Fe = 56.\r\n\r\n \r\n\r\nQual foi a massa de ferrugem produzida ao se oxidar a metade (50%) de um prego?', 5),
(10, 'O carvão é um combustível que tem várias substâncias em sua composição. Em razão disso, quando é representada sua queima com o oxigênio (massa molar 16 g mol–1), simplifica-se elaborando apenas a combustão completa do carbono (massa molar 12 g mol–1). De acordo com o conteúdo médio de carbono fixo, o carvão é classificado em vários tipos, com destaque para o antracito, que apresenta, em média, 90% de carbono. Esse elevado conteúdo favorece energeticamente a combustão, no entanto, libera maior quantidade de gás que provoca efeito estufa.\r\n\r\n \r\n\r\nSupondo a queima completa de 100 g de carvão antracito, a massa de gás liberada na atmosfera é, em grama, mais próxima de', 5),
(11, 'Antigamente, em lugares com invernos rigorosos, as pessoas acendiam fogueiras dentro de uma sala fechada para se aquecerem do frio. O risco no uso desse recurso ocorria quando as pessoas adormeciam antes de apagarem totalmente a fogueira, o que poderia levá-las a óbito, mesmo sem a ocorrência de incêndio.\r\n\r\n \r\n\r\nA causa principal desse risco era o(a)', 6),
(12, 'Atualmente, soldados em campo, seja em treinamento ou em combate, podem aquecer suas refeições, prontas e embaladas em bolsas plásticas, utilizando aquecedores químicos, sem precisar fazer fogo. Dentro dessas bolsas existe magnésio metálico em pó e, quando o soldado quer aquecer a comida, ele coloca água dentro da bolsa, promovendo a reação descrita pela equação química:\r\n\r\n \r\n\r\nMg (s) + 2 H2O (l)  Mg(OH)2 (s) + H2 (g) + 350 kJ\r\n\r\n \r\n\r\nO aquecimento dentro da bolsa ocorre por causa da', 6),
(13, 'O etanol é um combustível renovável obtido da cana-de-açúcar e é menos poluente do que os combustíveis fósseis, como a gasolina e o diesel. O etanol tem densidade 0,8 g/cm3, massa molar 46 g/mol e calor de combustão aproximado de –1.300 kJ/mol. Com o grande aumento da frota de veículos, tem sido incentivada a produção de carros bicombustíveis econômicos, que são capazes de render até 20 km/L em rodovias, para diminuir a emissão de poluentes atmosféricos.\r\n\r\nO valor correspondente à energia consumida para que o motorista de um carro econômico, movido a álcool, percorra 400 km na condição de máximo rendimento é mais próximo de', 6),
(14, 'Por meio de reações químicas que envolvem carboidratos, lipídeos e proteínas, nossas células obtêm energia e produzem gás carbônico e água. A oxidação da glicose no organismo humano libera energia, conforme ilustra a equação química, sendo que aproximadamente 40% dela é disponibilizada para atividade muscular.\r\n\r\n \r\n\r\nC6H12O6 (s) + 6 O2 (g) --> 6 CO2 (g) + 6 H2O (l)\r\n\r\n∆CH = –2.800 kJ\r\n\r\n \r\n\r\nConsidere as massas molares (em g mol–1): H = 1; C = 12; O = 16.\r\n\r\n \r\n\r\nLIMA, L. M.; FRAGA, C. A. M.; BARREIRO, E. J. Química na saúde. São Paulo: Sociedade Brasileira de Química, 2010 (adaptado).\r\n\r\n \r\n\r\nNa oxidação de 1,0 grama de glicose, a energia obtida para atividade muscular, em quilojoule, é mais próxima de', 6),
(15, 'A obtenção de energia por meio da fissão nuclear do 235U é muito superior quando comparada à combustão da gasolina, O calor liberado na fissão do 235U é 8x1010 J/g e na combustão da gasolina é 5x104 J/g.\r\n\r\nA massa de gasolina necessária para obter a mesma energia na fissão de 1 kg de 235U é da ordem de', 6),
(16, 'Muitas indústrias e fábricas lançam para o ar, através de suas chaminés, poluentes prejudiciais às plantas e aos animais. Um desses poluentes reage quando em contato com o gás oxigênio e a água da atmosfera, conforme as equações químicas:\r\n\r\n \r\n\r\nEquação 1: 2 SO₂ + O₂\r\n→\r\n 2 SO3\r\n\r\nEquação 2: SO₃ + H₂O \r\n→\r\n H₂SO₄ \r\n\r\n \r\n\r\nDe acordo com as equações, a alteração ambiental decorrente da presença desse poluente intensifica o(a)', 7),
(17, 'A atmosfera terrestre é composta pelos gases nitrogênio (N₂) e oxigênio (O₂), que somam cerca de 99 %, e por gases traços, entre eles o gás carbônico (CO₂), vapor de água (H₂O), metano (CH₄), ozônio (O₃) e o óxido nitroso (N₂O), que compõem o restante 1 % do ar que respiramos.\r\n\r\nOs gases traços, por serem constituídos por pelo menos três átomos, conseguem absorver o calor irradiado pela Terra, aquecendo o planeta. Esse fenômeno, que acontece há bilhões de anos, é chamado de efeito estufa. A partir da Revolução Industrial (século XIX), a concentração de gases traços na atmosfera, em particular o CO₂, tem aumentado significativamente, o que resultou no aumento da temperatura em escala global. Mais recentemente, outro fator tornou-se diretamente envolvido no aumento da concentração de CO₂ na atmosfera: o desmatamento.\r\n\r\nBROWN, I. F.; ALECHANDRE, A. S. Conceitos básicos sobre clima, carbono, florestas e comunidades. A.G. Moreira & S. Schwartzman. As mudanças climáticas globais e os ecossistemas brasileiros. Brasília: Instituto de Pesquisa Ambiental da Amazônia, 2000 (adaptado).\r\n\r\n \r\n\r\nConsiderando o texto, uma alternativa viável para combater o efeito estufa é', 7),
(18, 'Nos anos 1990, verificou-se que o rio Potomac, situado no estado norte-americano de Maryland, tinha, em parte de seu curso, águas extremamente ácidas por receber um efluente de uma mina de carvão desativada, o qual continha ácido sulfúrico (H₂SO₄). Essa água, embora límpida, era desprovida de vida. Alguns quilômetros adiante, instalou-se uma fábrica de papel e celulose que emprega hidróxido de sódio (NaOH) e carbonato de sódio (Na₂CO₃) em seus processos. Em pouco tempo, observou-se que, a partir do ponto em que a fábrica lança seus rejeitos no rio, a vida aquática voltou a florescer.\r\n\r\nHARRIS, D. C. Análise química quantitativa.\r\n\r\nRio de Janeiro: Livros Técnicos e Científicos, 2012 (adaptado).\r\n\r\n \r\n\r\nA explicação para o retorno da vida aquática nesse rio é a', 7),
(19, 'Grandes quantidades de enxofre são lançadas na atmosfera diariamente, na forma de dióxido de enxofre (SO₂), como decorrência de atividades industriais e de queima de combustíveis fósseis.\r\n\r\n \r\n\r\nEm razão da alta concentração desses compostos na atmosfera, regiões com conglomerados urbanos e polos industriais apresentam ocorrência sazonal de', 7),
(20, 'O mármore é um material empregado para revestimento de pisos e um de seus principais constituintes é o carbonato de cálcio. Na limpeza desses pisos com solução ácida, ocorre efervescência. Nessa efervescência o gás liberado é o', 7),
(21, 'O ciclo da água é fundamental para a preservação da vida no planeta. As condições climáticas da Terra permitem que a água sofra mudanças de fase e a compreensão dessas transformações é fundamental para se entender o ciclo hidrológico. Numa dessas mudanças, a água ou a umidade da terra absorve o calor do sol e dos arredores. Quando já foi absorvido calor suficiente, algumas das moléculas do líquido podem ter energia necessária para começar a subir para a atmosfera.\r\n\r\nDisponível em: http://www.keroagua.blogspot.com. Acesso em: 30 mar. 2009 (adaptado).\r\n\r\n \r\n\r\nA transformação mencionada no texto é a ', 8),
(22, 'Em derramamentos de óleo no mar, os produtos conhecidos como “dispersantes” são usados para reduzir a tensão superficial do petróleo derramado, permitindo que o vento e as ondas “quebrem” a mancha em gotículas microscópicas. Estas são dispersadas pela água do mar antes que a mancha de petróleo atinja a costa. Na tentativa de fazer uma reprodução do efeito desse produto em casa, um estudante prepara um recipiente contendo água e gotas de óleo de soja. Há disponível apenas azeite, vinagre, detergente, água sanitária e sal de cozinha.\r\n\r\nQual dos materiais disponíveis provoca uma ação semelhante à situação descrita? ', 8),
(23, 'O tratamento convencional da água, quando há, remove todas as impurezas? Não. À custa de muita adição de cloro, a água que abastece residências, escolas e trabalhos é bacteriologicamente segura. Os tratamentos disponíveis removem partículas e parte das substâncias dissolvidas, resultando em uma água transparente e, geralmente, inodora e insípida, mas não quimicamente pura. O processo de purificação da água compreende etapas distintas, que são: a decantação, a coagulação/floculação, a filtração, a desinfecção e a fluoretação.\r\n\r\nGUIMARÃES, J. R. D. Claro como a água? Disponível em: http://cienciahoje.uol.com.br. Acesso em: 2 abr. 2011 (adaptado).\r\n\r\n \r\n\r\nDentre as etapas descritas, são consideradas processos químicos: ', 8),
(24, 'De acordo com a legislação brasileira, são tipos de água engarrafada que podem ser vendidos no comércio para o consumo humano:\r\n\r\n \r\n\r\n- água mineral: água que, proveniente de fontes naturais ou captada artificialmente, possui composição química ou propriedades físicas ou físico-químicas específicas, com características que lhe conferem ação medicamentosa;\r\n\r\n- água potável de mesa: água que, proveniente de fontes naturais ou captada artificialmente, possui características que a tornam adequada ao consumo humano;\r\n\r\n- água purificada adicionada de sais: água produzida artificialmente por meio da adição à água potável de sais de uso permitido, podendo ser gaseificada.\r\n\r\n \r\n\r\nCom base nessas informações, conclui-se que ', 8),
(25, 'A lavoura arrozeira na planície costeira da região sul do Brasil comumente sofre perdas elevadas devido à salinização da água de irrigação, que ocasiona prejuízos diretos, como a redução de produção da lavoura. Solos com processo de salinização avançado não são indicados, por exemplo, para o cultivo de arroz. As plantas retiram a água do solo quando as forças de embebição dos tecidos das raízes são superiores às forças com que a água é retida no solo.\r\n\r\nWINKEL, H.L.; TSCHIEDEL, M. Cultura do arroz: salinização de solos em cultivos de arroz.\r\n\r\nDisponível em: http//agropage.tripod.com/saliniza.hml. Acesso em: 25 jun. 2010 (adaptado)\r\n\r\n \r\n\r\nA presença de sais na solução do solo faz com que seja dificultada a absorção de água pelas plantas, o que provoca o fenômeno conhecido por seca fisiológica, caracterizado pelo(a) ', 8),
(26, 'Alguns modelos mais modernos de fones de ouvido têm um recurso, denominado “cancelador de ruídos ativo”, constituído de um circuito eletrônico que gera um sinal sonoro semelhante ao sinal externo (ruído), exceto pela sua fase oposta.\r\n\r\n \r\n\r\nQual fenômeno físico é responsável pela diminuição do ruído nesses fones de ouvido?', 9),
(27, 'Ao ouvir uma flauta e um piano emitindo a mesma nota musical, consegue-se diferenciar esses instrumentos um do outro.\r\n\r\nEssa diferenciação se deve principalmente ao(a)', 9),
(28, 'Ao sintonizar uma estação de rádio AM, o ouvinte está selecionando apenas uma dentre as inúmeras ondas que chegam à antena receptora do aparelho. Essa seleção acontece em razão da ressonância do circuito receptor com a onda que se propaga.\r\n\r\n \r\n\r\nO fenômeno físico abordado no texto é dependente de qual característica da onda?', 9),
(29, 'Alguns cinemas apresentam uma tecnologia em que as imagens dos filmes parecem tridimensionais, baseada na utilização de óculos 3D. Após atravessar cada lente dos óculos, as ondas luminosas, que compõem as imagens do filme, emergem vibrando apenas na direção vertical ou apenas na direção horizontal.\r\n\r\n \r\n\r\nCom base nessas informações, o funcionamento dos óculos 3D ocorre por meio do fenômeno ondulatório de', 9),
(30, 'As moléculas de água são dipolos elétricos que podem se alinhar com o campo elétrico, da mesma forma que uma bússola se alinha com um campo magnético. Quando o campo elétrico oscila, as moléculas de água fazem o mesmo. No forno de micro-ondas, a frequência de oscilação do campo elétrico é igual à frequência natural de rotação das moléculas de água. Assim, a comida é cozida quando o movimento giratório das moléculas de água transfere a energia térmica às moléculas circundantes.\r\n\r\nHEWITT, P. Física conceitual. Porto Alegre: Bookman, 2002 (adaptado).\r\n\r\nA propriedade das ondas que permite, nesse caso, um aumento da energia de rotação das moléculas de água é a', 9),
(31, 'Algumas crianças, ao brincarem de esconde-esconde, tapam os olhos com as mãos, acreditando que, ao adotarem tal procedimento, não poderão ser vistas.\r\n\r\n \r\n\r\nEssa percepção da criança contraria o conhecimento científico porque, para serem vistos, os objetos', 10),
(32, 'As miragens existem e podem induzir à percepção de que há água onde não existe. Elas são a manifestação de um fenômeno óptico que ocorre na atmosfera.\r\n\r\nDisponível em: www.invivo.fiocruz.br. Acesso em: 29 fev. 2012.\r\n\r\n \r\n\r\nEsse fenômeno óptico é consequência da', 10),
(33, 'Será que uma miragem ajudou a afundar o Titanic? O fenômeno ótico conhecido como Fata Morgana pode fazer com que uma falsa parede de água apareça sobre o horizonte molhado. Quando as condições são favoráveis, a luz refletida pela água fria pode ser desviada por uma camada incomum de ar quente acima, chegando até o observador, vinda de muitos ângulos diferentes. De acordo com estudos de pesquisadores da Universidade de San Diego, uma Fata Morgana pode ter obscurecido os icebergs da visão da tripulação que estava a bordo do Titanic. Dessa forma, a certa distância, o horizonte verdadeiro fica encoberto por uma névoa escurecida, que se parece muito com águas calmas no escuro.\r\n\r\nDisponível em: http://apod.nasa.gov. Acesso em: 6 set. 2012 (adaptado).\r\n\r\n \r\n\r\nO fenômeno ótico que, segundo os pesquisadores, provoca a Fata Morgana é a', 10),
(34, 'Em mídias ópticas como CDs, DVDs e blue-rays, a informação é representada na forma de bits (zeros e uns) e é fisicamente gravada e lida por feixes de luz laser. Para gravar um valor “zero”, o laser brilha intensamente, de modo a “queimar” (tomar opaca) uma pequena área do disco, de tamanho comparável a seu comprimento de onda. Ao longo dos anos, as empresas de tecnologia vêm conseguindo aumentar a capacidade de armazenamento de dados em cada disco; em outras palavras, a área usada para se representar um bit vem se tornando cada vez mais reduzida.\r\n\r\n \r\n\r\nQual alteração da onda eletromagnética que constitui o Iaser permite o avanço tecnológico citado no texto?', 10),
(35, 'Uma proposta de dispositivo capaz de indicar a qualidade da gasolina vendida em postos e, consequentemente, evitar fraudes, poderia utilizar o conceito de refração luminosa. Nesse sentido, a gasolina não adulterada, na temperatura ambiente, apresenta razão entre os senos dos raios incidente e refratado igual a 1,4. Desse modo, fazendo incidir o feixe de luz proveniente do ar com um ângulo fixo e maior que zero, qualquer modificação no ângulo do feixe refratado indicará adulteração no combustível.\r\n\r\nEm uma fiscalização rotineira, o teste apresentou o valor de 1,9. Qual foi o comportamento do raio refratado?', 10),
(36, 'No seu estudo sobre a queda dos corpos, Aristóteles afirmava que se abandonarmos corpos leves e pesados de uma mesma altura, o mais pesado chegaria mais rápido ao solo. Essa ideia está apoiada em algo que é difícil de refutar, a observação direta da realidade baseada no senso comum.\r\n\r\nApós uma aula de física, dois colegas estavam discutindo sobre a queda dos corpos, e um tentava convencer o outro de que tinha razão:\r\n\r\nColega A: “O corpo mais pesado cai mais rápido que um menos pesado, quando largado de uma mesma altura. Eu provo, largando uma pedra e uma rolha. A pedra chega antes. Pronto! Tá provado!”.\r\n\r\nColega B: Eu não acho! Peguei uma folha de papel esticado e deixei cair. Quando amassei, ela caiu mais rápido. Como isso é possível? Se era a mesma folha de papel, deveria cair do mesmo jeito. Tem que ter outra explicação!”.\r\n\r\nHÜLSENDEGER, M. Uma análise das concepções dos alunos sobre a queda dos corpos. Caderno Brasileiro de Ensino de Física, n. 3, dez. 2004 (adaptado).\r\n\r\n \r\n\r\nO aspecto físico comum que explica a diferença de comportamento dos corpos em queda nessa discussão é o(a) ', 11),
(37, 'Uma empresa de transportes precisa efetuar a entrega de uma encomenda o mais breve possível. Para tanto, a equipe de logística analisa o trajeto desde a empresa até o local da entrega. Ela verifica que o trajeto apresenta dois trechos de distâncias diferentes e velocidades máximas permitidas diferentes. No primeiro trecho, a velocidade máxima permitida é de 80 km/h e a distância a ser percorrida é de 80 km. No segundo trecho, cujo comprimento vale 60 km, a velocidade máxima permitida é 120 km/h.\r\n\r\nSupondo que as condições de trânsito sejam favoráveis para que o veículo da empresa ande continuamente na velocidade máxima permitida, qual será o tempo necessário, em horas, para a realização da entrega?', 11),
(38, 'O trem de passageiros da Estrada de Ferro Vitória-Minas (EFVM), que circula diariamente entre a cidade de Cariacica, na Grande Vitória, e a capital mineira Belo Horizonte, está utilizando uma nova tecnologia de frenagem eletrônica. Com a tecnologia anterior, era preciso iniciar a frenagem cerca de 400 metros antes da estação. Atualmente, essa distância caiu para 250 metros, o que proporciona redução no tempo de viagem.\r\n\r\nConsiderando uma velocidade de 72 km/h, qual o módulo da diferença entre as acelerações de frenagem depois e antes da adoção dessa tecnologia?', 11),
(39, 'Em 20 de julho de 1969, Neil Armstrong tornou-se o primeiro homem a pisar na superfície da Lua. Ele foi seguido por Edwin Aldrin, ambos da missão Apollo 11. Eles, e os astronautas que os seguiram, experimentaram a ausência de atmosfera e estavam sujeitos às diferenças gravitacionais. A aceleração da gravidade na Lua tem 1/6 do valor na Terra.\r\n\r\n \r\n\r\nEm relação às condições na Terra, um salto oblíquo na superfície da Lua teria alcance', 11),
(40, 'Antes das lombadas eletrônicas, eram pintadas faixas nas ruas para controle da velocidade dos automóveis. A velocidade era estimada com o uso de binóculos e cronômetros. O policial utilizava a relação entre a distância percorrida e o tempo gasto, para determinar a velocidade de um veículo. Cronometrava-se o tempo que um veículo levava para percorrer a distância entre duas faixas fixas, cuja distância era conhecida. A lombada eletrônica é um sistema muito preciso, porque a tecnologia elimina erros do operador. A distância entre os sensores é de 2 metros, e o tempo é medido por um circuito eletrônico.\r\n\r\nO tempo mínimo, em segundos, que o motorista deve gastar para passar pela lombada eletrônica, cujo limite é de 40 km/h, sem receber uma multa, é de', 11),
(41, 'A preocupação com a sustentabilidade faz com que se procurem, cada vez mais, métodos eficientes para a economia de energia elétrica. Um procedimento que se pode adotar é a substituição das lâmpadas incandescentes por lâmpadas de LED nas residências. Uma lâmpada incandescente, que opera 8 horas por dia, foi substituída por uma de LED. Elas apresentam 60 W e 8 W de potência nominal de consumo, respectivamente.\r\n\r\n \r\n\r\nA redução do consumo de energia elétrica, em quilowatt-hora, obtida durante trinta dias foi', 12),
(42, 'Carregadores elétricos são projetados para fornecerem energia a baterias recarregáveis, como as usadas em aparelhos celulares e máquinas fotográficas. As especificações típicas de um desses dispositivos são:\r\n\r\n \r\n\r\nCarregador:\r\n\r\nEntrada AC 100-240 V / 200 mA / 50-60 Hz\r\n\r\nSaída DC 5,0 V / 1000 mA\r\n\r\n \r\n\r\nBateria recarregável:\r\n\r\n1,5 V / 4000 mAh\r\n\r\n \r\n\r\nUsando o carregador com corrente máxima, o tempo total de recarga dessa bateria totalmente descarregada, em hora, é', 12),
(43, 'No território brasileiro, existem períodos do ano que apresentam queda na umidade do ar, fazendo com que o ar fique bastante seco. Nessa época, é comum observar que as pessoas, ao saírem do carro e tocarem a maçaneta da porta, levam pequenos choques elétricos. Além disso, pessoas que ficam muito tempo em contato com aparelhos eletrodomésticos, ou que dormem com roupas feitas de determinados materiais, como a seda, ao tocarem objetos metálicos, também sentem as descargas elétricas, ou seja, levam um choque elétrico.\r\n\r\nO corpo humano sofre com esse fenômeno de descarga elétrica, comportando-se como um condutor, pois', 12),
(44, 'Carros elétricos estão cada vez mais baratos, no entanto, os órgãos governamentais e a indústria se preocupam com o tempo de recarga das baterias, que é muito mais lento quando comparado ao tempo gasto para encher o tanque de combustível. Portanto, os usuários de transporte individual precisam se conscientizar dos ganhos ambientais dessa mudança e planejar com antecedência seus percursos, pensando em pausas necessárias para recargas.\r\n\r\nApós realizar um percurso de 110 km, um motorista pretende recarregar as baterias de seu carro elétrico, que tem um desempenho médio de 5,0 km/kWh, usando um carregador ideal que opera a uma tensão de 220 V e é percorrido por uma corrente de 20 A.\r\n\r\n \r\n\r\nQuantas horas são necessárias para recarregar a energia utilizada nesse percurso? ', 12),
(45, 'Os manuais dos fornos micro-ondas desaconselham, sob pena de perda da garantia, que eles sejam ligados em paralelo juntamente a outros aparelhos eletrodomésticos por meio de tomadas múltiplas, popularmente conhecidas como “benjamins” ou “tês”, devido ao alto risco de incêndio e derretimento dessas tomadas, bem como daquelas dos próprios aparelhos.\r\n\r\nOs riscos citados são decorrentes da', 12);

-- --------------------------------------------------------

--
-- Estrutura para tabela `pontuacoes`
--

CREATE TABLE `pontuacoes` (
  `id` int(11) NOT NULL,
  `usuario_id` int(11) DEFAULT NULL,
  `materia_id` int(11) DEFAULT NULL,
  `pontos` int(11) DEFAULT 0
) ENGINE=InnoDB DEFAULT CHARSET=utf8mb4 COLLATE=utf8mb4_general_ci;

--
-- Despejando dados para a tabela `pontuacoes`
--

INSERT INTO `pontuacoes` (`id`, `usuario_id`, `materia_id`, `pontos`) VALUES
(1, 1, NULL, 5),
(2, 3, NULL, 595),
(3, 11, NULL, 5),
(6, 16, NULL, 25),
(7, 17, NULL, 15),
(8, 5, NULL, 0),
(9, 4, NULL, 0),
(10, 2, NULL, 0),
(11, 7, NULL, 0),
(12, 8, NULL, 0),
(13, 18, NULL, 0),
(14, 19, NULL, 0),
(15, 20, NULL, 5),
(16, 21, NULL, 5),
(20, 28, NULL, 5),
(21, 33, NULL, 0),
(22, 34, NULL, 0),
(23, 35, NULL, 0);

-- --------------------------------------------------------

--
-- Estrutura para tabela `questionarios`
--

CREATE TABLE `questionarios` (
  `questionario_id` int(11) NOT NULL,
  `subconteudo_id` int(11) DEFAULT NULL
) ENGINE=InnoDB DEFAULT CHARSET=utf8mb4 COLLATE=utf8mb4_general_ci;

--
-- Despejando dados para a tabela `questionarios`
--

INSERT INTO `questionarios` (`questionario_id`, `subconteudo_id`) VALUES
(3, NULL),
(4, 1),
(5, 13),
(7, 14),
(6, 15),
(8, 16),
(9, 43),
(10, 44),
(11, 45),
(12, 46);

-- --------------------------------------------------------

--
-- Estrutura para tabela `respostas_questionarios`
--

CREATE TABLE `respostas_questionarios` (
  `usuario_id` int(11) NOT NULL,
  `questionario_id` int(11) NOT NULL,
  `resposta_questionario_id` int(11) NOT NULL
) ENGINE=InnoDB DEFAULT CHARSET=utf8mb4 COLLATE=utf8mb4_general_ci;

--
-- Despejando dados para a tabela `respostas_questionarios`
--

INSERT INTO `respostas_questionarios` (`usuario_id`, `questionario_id`, `resposta_questionario_id`) VALUES
(2, 4, 1),
(4, 4, 2),
(5, 4, 3),
(7, 4, 4),
(8, 4, 5),
(16, 4, 6),
(17, 4, 7),
(18, 4, 8),
(33, 4, 9),
(33, 5, 10),
(33, 6, 11),
(33, 7, 12),
(33, 9, 13),
(33, 10, 14),
(33, 10, 17),
(33, 11, 15),
(33, 12, 16),
(34, 4, 18),
(34, 4, 19),
(34, 5, 20),
(34, 5, 21),
(34, 5, 22),
(34, 6, 40),
(34, 6, 41),
(34, 7, 35),
(34, 7, 36),
(34, 7, 37),
(34, 7, 38),
(34, 7, 39),
(34, 8, 26),
(34, 8, 27),
(34, 11, 23),
(34, 11, 24),
(34, 11, 25),
(34, 12, 28),
(34, 12, 29),
(34, 12, 30),
(34, 12, 31),
(34, 12, 32),
(34, 12, 33),
(34, 12, 34),
(35, 4, 42),
(35, 4, 43),
(35, 5, 44),
(35, 5, 45),
(35, 6, 48),
(35, 6, 49),
(35, 7, 46),
(35, 7, 47);

-- --------------------------------------------------------

--
-- Estrutura para tabela `respostas_usuarios`
--

CREATE TABLE `respostas_usuarios` (
  `resposta_id` int(11) NOT NULL,
  `usuario_id` int(11) DEFAULT NULL,
  `pergunta_id` int(11) DEFAULT NULL,
  `alternativa_id` int(11) DEFAULT NULL,
  `correta` tinyint(1) NOT NULL
) ENGINE=InnoDB DEFAULT CHARSET=utf8mb4 COLLATE=utf8mb4_general_ci;

--
-- Despejando dados para a tabela `respostas_usuarios`
--

INSERT INTO `respostas_usuarios` (`resposta_id`, `usuario_id`, `pergunta_id`, `alternativa_id`, `correta`) VALUES
(1, 1, 1, 1, 0),
(2, 1, 2, 7, 0),
(3, 1, 3, 11, 0),
(4, 1, 4, 18, 0),
(5, 1, 5, 24, 0),
(6, 1, 1, 1, 0),
(7, 1, 2, 7, 0),
(8, 1, 3, 11, 0),
(9, 1, 4, 18, 0),
(10, 1, 5, 24, 0),
(11, 1, 1, 1, 0),
(12, 1, 2, 7, 0),
(13, 1, 3, 11, 0),
(14, 1, 4, 18, 0),
(15, 1, 5, 24, 0),
(16, 1, 1, 1, 0),
(17, 1, 2, 7, 0),
(18, 1, 3, 11, 0),
(19, 1, 4, 18, 0),
(20, 1, 5, 24, 0),
(21, 1, 1, 1, 0),
(22, 1, 2, 7, 0),
(23, 1, 3, 11, 0),
(24, 1, 4, 18, 0),
(25, 1, 5, 24, 0),
(26, 1, 1, 1, 0),
(27, 1, 2, 7, 0),
(28, 1, 3, 11, 0),
(29, 1, 4, 18, 0),
(30, 1, 5, 24, 0),
(31, 1, 1, 1, 0),
(32, 1, 2, 7, 0),
(33, 1, 3, 11, 0),
(34, 1, 4, 18, 0),
(35, 1, 5, 24, 0),
(36, 1, 1, 1, 0),
(37, 1, 2, 7, 0),
(38, 1, 3, 11, 0),
(39, 1, 4, 18, 0),
(40, 1, 5, 24, 0),
(41, 1, 1, 1, 0),
(42, 1, 2, 7, 0),
(43, 1, 3, 11, 0),
(44, 1, 4, 18, 0),
(45, 1, 5, 24, 0),
(46, 1, 1, 1, 0),
(47, 1, 2, 7, 0),
(48, 1, 3, 11, 0),
(49, 1, 4, 18, 0),
(50, 1, 5, 24, 0),
(51, 1, 1, 1, 0),
(52, 1, 2, 7, 0),
(53, 1, 3, 11, 0),
(54, 1, 4, 18, 0),
(55, 1, 5, 24, 0),
(56, 1, 1, 1, 0),
(57, 1, 2, 7, 0),
(58, 1, 3, 11, 0),
(59, 1, 4, 18, 0),
(60, 1, 5, 24, 0),
(61, 1, 1, 1, 0),
(62, 1, 2, 7, 0),
(63, 1, 3, 11, 0),
(64, 1, 4, 18, 0),
(65, 1, 5, 24, 0),
(66, 1, 1, 1, 0),
(67, 1, 2, 7, 0),
(68, 1, 3, 11, 0),
(69, 1, 4, 18, 0),
(70, 1, 5, 24, 0),
(71, 1, 1, 1, 0),
(72, 1, 2, 7, 0),
(73, 1, 3, 11, 0),
(74, 1, 4, 18, 0),
(75, 1, 5, 24, 0),
(76, 1, 1, 1, 0),
(77, 1, 2, 7, 0),
(78, 1, 3, 11, 0),
(79, 1, 4, 18, 0),
(80, 1, 5, 24, 0),
(81, 1, 1, 1, 0),
(82, 1, 2, 7, 0),
(83, 1, 3, 11, 0),
(84, 1, 4, 18, 0),
(85, 1, 5, 24, 0),
(86, 1, 1, 1, 0),
(87, 1, 2, 7, 0),
(88, 1, 3, 11, 0),
(89, 1, 4, 18, 0),
(90, 1, 5, 24, 0),
(91, 1, 1, 1, 0),
(92, 1, 2, 7, 0),
(93, 1, 3, 11, 0),
(94, 1, 4, 18, 0),
(95, 1, 5, 24, 0),
(96, 1, 1, 1, 0),
(97, 1, 2, 7, 0),
(98, 1, 3, 11, 0),
(99, 1, 4, 18, 0),
(100, 1, 5, 24, 0),
(101, 1, 1, 1, 0),
(102, 1, 2, 7, 0),
(103, 1, 3, 11, 0),
(104, 1, 4, 18, 0),
(105, 1, 5, 24, 0),
(106, 1, 1, 1, 0),
(107, 1, 2, 7, 0),
(108, 1, 3, 11, 0),
(109, 1, 4, 18, 0),
(110, 1, 5, 24, 0),
(111, 1, 1, 1, 0),
(112, 1, 2, 7, 0),
(113, 1, 3, 11, 0),
(114, 1, 4, 18, 0),
(115, 1, 5, 24, 0),
(116, 1, 1, 1, 0),
(117, 1, 2, 7, 0),
(118, 1, 3, 11, 0),
(119, 1, 4, 18, 0),
(120, 1, 5, 24, 0),
(121, 1, 1, 1, 0),
(122, 1, 2, 7, 0),
(123, 1, 3, 11, 0),
(124, 1, 4, 18, 0),
(125, 1, 5, 24, 0),
(126, 1, 1, 1, 0),
(127, 1, 2, 7, 0),
(128, 1, 3, 11, 0),
(129, 1, 4, 18, 0),
(130, 1, 5, 24, 0),
(131, 1, 1, 1, 0),
(132, 1, 2, 7, 0),
(133, 1, 3, 11, 0),
(134, 1, 4, 18, 0),
(135, 1, 5, 24, 0),
(136, 1, 1, 1, 0),
(137, 1, 2, 7, 0),
(138, 1, 3, 11, 0),
(139, 1, 4, 18, 0),
(140, 1, 5, 24, 0),
(141, 1, 1, 1, 0),
(142, 1, 2, 7, 0),
(143, 1, 3, 11, 0),
(144, 1, 4, 18, 0),
(145, 1, 5, 24, 0),
(146, 1, 1, 1, 0),
(147, 1, 2, 7, 0),
(148, 1, 3, 11, 0),
(149, 1, 4, 18, 0),
(150, 1, 5, 24, 0),
(151, 1, 1, 1, 0),
(152, 1, 2, 7, 0),
(153, 1, 3, 11, 0),
(154, 1, 4, 18, 0),
(155, 1, 5, 24, 0),
(156, 1, 1, 1, 0),
(157, 1, 2, 7, 0),
(158, 1, 3, 11, 0),
(159, 1, 4, 18, 0),
(160, 1, 5, 24, 0),
(161, 1, 1, 1, 0),
(162, 1, 2, 7, 0),
(163, 1, 3, 11, 0),
(164, 1, 4, 18, 0),
(165, 1, 5, 24, 0),
(166, 1, 1, 1, 0),
(167, 1, 2, 7, 0),
(168, 1, 3, 11, 0),
(169, 1, 4, 18, 0),
(170, 1, 5, 24, 0),
(171, 1, 1, 1, 0),
(172, 1, 2, 7, 0),
(173, 1, 3, 11, 0),
(174, 1, 4, 18, 0),
(175, 1, 5, 24, 0),
(176, 1, 1, 1, 0),
(177, 1, 2, 7, 0),
(178, 1, 3, 11, 0),
(179, 1, 4, 18, 0),
(180, 1, 5, 24, 0),
(181, 1, 1, 1, 0),
(182, 1, 2, 7, 0),
(183, 1, 3, 11, 0),
(184, 1, 4, 18, 0),
(185, 1, 5, 24, 0),
(186, 1, 1, 1, 0),
(187, 1, 2, 7, 0),
(188, 1, 3, 11, 0),
(189, 1, 4, 18, 0),
(190, 1, 5, 24, 0),
(191, 1, 1, 1, 0),
(192, 1, 2, 7, 0),
(193, 1, 3, 11, 0),
(194, 1, 4, 18, 0),
(195, 1, 5, 24, 0),
(196, 1, 1, 1, 0),
(197, 1, 2, 7, 0),
(198, 1, 3, 11, 0),
(199, 1, 4, 18, 0),
(200, 1, 5, 24, 0),
(201, 1, 1, 1, 0),
(202, 1, 2, 7, 0),
(203, 1, 3, 11, 0),
(204, 1, 4, 18, 0),
(205, 1, 5, 24, 0),
(206, 1, 1, 1, 0),
(207, 1, 2, 7, 0),
(208, 1, 3, 11, 0),
(209, 1, 4, 18, 0),
(210, 1, 5, 24, 0),
(211, 1, 1, 1, 0),
(212, 1, 2, 7, 0),
(213, 1, 3, 11, 0),
(214, 1, 4, 18, 0),
(215, 1, 5, 24, 0),
(216, 1, 1, 1, 0),
(217, 1, 2, 7, 0),
(218, 1, 3, 11, 0),
(219, 1, 4, 18, 0),
(220, 1, 5, 24, 0),
(221, 1, 1, 1, 0),
(222, 1, 2, 7, 0),
(223, 1, 3, 11, 0),
(224, 1, 4, 18, 0),
(225, 1, 5, 24, 0),
(226, 1, 1, 1, 0),
(227, 1, 2, 7, 0),
(228, 1, 3, 11, 0),
(229, 1, 4, 18, 0),
(230, 1, 5, 24, 0),
(231, 1, 1, 1, 0),
(232, 1, 2, 7, 0),
(233, 1, 3, 11, 0),
(234, 1, 4, 18, 0),
(235, 1, 5, 24, 0),
(236, 1, 1, 1, 0),
(237, 1, 2, 7, 0),
(238, 1, 3, 11, 0),
(239, 1, 4, 18, 0),
(240, 1, 5, 24, 0),
(241, 1, 1, 1, 0),
(242, 1, 2, 7, 0),
(243, 1, 3, 11, 0),
(244, 1, 4, 18, 0),
(245, 1, 5, 24, 0),
(246, 1, 1, 1, 0),
(247, 1, 2, 7, 0),
(248, 1, 3, 11, 0),
(249, 1, 4, 18, 0),
(250, 1, 5, 24, 0),
(251, 1, 1, 1, 0),
(252, 1, 2, 7, 0),
(253, 1, 3, 11, 0),
(254, 1, 4, 18, 0),
(255, 1, 5, 24, 0),
(256, 1, 1, 1, 0),
(257, 1, 2, 7, 0),
(258, 1, 3, 11, 0),
(259, 1, 4, 18, 0),
(260, 1, 5, 24, 0),
(261, 1, 1, 1, 0),
(262, 1, 2, 7, 0),
(263, 1, 3, 11, 0),
(264, 1, 4, 18, 0),
(265, 1, 5, 24, 0),
(266, 1, 1, 1, 0),
(267, 1, 2, 7, 0),
(268, 1, 3, 11, 0),
(269, 1, 4, 18, 0),
(270, 1, 5, 24, 0),
(271, 1, 1, 1, 0),
(272, 1, 2, 7, 0),
(273, 1, 3, 11, 0),
(274, 1, 4, 18, 0),
(275, 1, 5, 24, 0),
(276, 1, 1, 1, 0),
(277, 1, 2, 7, 0),
(278, 1, 3, 11, 0),
(279, 1, 4, 18, 0),
(280, 1, 5, 24, 0),
(281, 1, 1, 1, 0),
(282, 1, 2, 7, 0),
(283, 1, 3, 11, 0),
(284, 1, 4, 18, 0),
(285, 1, 5, 24, 0),
(286, 1, 1, 1, 0),
(287, 1, 2, 7, 0),
(288, 1, 3, 11, 0),
(289, 1, 4, 18, 0),
(290, 1, 5, 24, 0),
(291, 1, 1, 1, 0),
(292, 1, 2, 7, 0),
(293, 1, 3, 11, 0),
(294, 1, 4, 18, 0),
(295, 1, 5, 24, 0),
(296, 1, 1, 1, 0),
(297, 1, 2, 7, 0),
(298, 1, 3, 11, 0),
(299, 1, 4, 18, 0),
(300, 1, 5, 24, 0),
(301, 1, 1, 1, 0),
(302, 1, 2, 7, 0),
(303, 1, 3, 11, 0),
(304, 1, 4, 18, 0),
(305, 1, 5, 24, 0),
(306, 1, 1, 1, 0),
(307, 1, 2, 7, 0),
(308, 1, 3, 11, 0),
(309, 1, 4, 18, 0),
(310, 1, 5, 24, 0),
(311, 1, 1, 1, 0),
(312, 1, 2, 7, 0),
(313, 1, 3, 11, 0),
(314, 1, 4, 18, 0),
(315, 1, 5, 24, 0),
(316, 1, 1, 1, 0),
(317, 1, 2, 7, 0),
(318, 1, 3, 11, 0),
(319, 1, 4, 18, 0),
(320, 1, 5, 24, 0),
(321, 1, 1, 1, 0),
(322, 1, 2, 7, 0),
(323, 1, 3, 11, 0),
(324, 1, 4, 18, 0),
(325, 1, 5, 24, 0),
(326, 1, 1, 1, 0),
(327, 1, 2, 7, 0),
(328, 1, 3, 11, 0),
(329, 1, 4, 18, 0),
(330, 1, 5, 24, 0),
(331, 1, 1, 1, 0),
(332, 1, 2, 7, 0),
(333, 1, 3, 11, 0),
(334, 1, 4, 18, 0),
(335, 1, 5, 24, 0),
(336, 1, 1, 1, 0),
(337, 1, 2, 7, 0),
(338, 1, 3, 11, 0),
(339, 1, 4, 18, 0),
(340, 1, 5, 24, 0),
(341, 1, 1, 1, 0),
(342, 1, 2, 7, 0),
(343, 1, 3, 11, 0),
(344, 1, 4, 18, 0),
(345, 1, 5, 24, 0),
(346, 1, 1, 1, 0),
(347, 1, 2, 7, 0),
(348, 1, 3, 11, 0),
(349, 1, 4, 18, 0),
(350, 1, 5, 24, 0),
(351, 1, 1, 1, 0),
(352, 1, 2, 7, 0),
(353, 1, 3, 11, 0),
(354, 1, 4, 18, 0),
(355, 1, 5, 24, 0),
(356, 1, 1, 1, 0),
(357, 1, 2, 7, 0),
(358, 1, 3, 11, 0),
(359, 1, 4, 18, 0),
(360, 1, 5, 24, 0),
(361, 1, 1, 1, 0),
(362, 1, 2, 7, 0),
(363, 1, 3, 11, 0),
(364, 1, 4, 18, 0),
(365, 1, 5, 24, 0),
(366, 1, 1, 1, 0),
(367, 1, 2, 7, 0),
(368, 1, 3, 11, 0),
(369, 1, 4, 18, 0),
(370, 1, 5, 24, 0),
(371, 1, 1, 1, 0),
(372, 1, 2, 7, 0),
(373, 1, 3, 11, 0),
(374, 1, 4, 18, 0),
(375, 1, 5, 24, 0),
(376, 1, 1, 1, 0),
(377, 1, 2, 7, 0),
(378, 1, 3, 11, 0),
(379, 1, 4, 18, 0),
(380, 1, 5, 24, 0),
(381, 1, 1, 1, 0),
(382, 1, 2, 7, 0),
(383, 1, 3, 11, 0),
(384, 1, 4, 18, 0),
(385, 1, 5, 24, 0),
(386, 1, 1, 1, 0),
(387, 1, 2, 7, 0),
(388, 1, 3, 11, 0),
(389, 1, 4, 18, 0),
(390, 1, 5, 24, 0),
(391, 1, 1, 1, 0),
(392, 1, 2, 7, 0),
(393, 1, 3, 11, 0),
(394, 1, 4, 18, 0),
(395, 1, 5, 24, 0),
(396, 1, 1, 1, 0),
(397, 1, 2, 7, 0),
(398, 1, 3, 11, 0),
(399, 1, 4, 18, 0),
(400, 1, 5, 24, 0),
(401, 1, 1, 1, 0),
(402, 1, 2, 7, 0),
(403, 1, 3, 11, 0),
(404, 1, 4, 18, 0),
(405, 1, 5, 24, 0),
(406, 1, 1, 1, 0),
(407, 1, 2, 7, 0),
(408, 1, 3, 11, 0),
(409, 1, 4, 18, 0),
(410, 1, 5, 24, 0),
(411, 1, 1, 1, 0),
(412, 1, 2, 7, 0),
(413, 1, 3, 11, 0),
(414, 1, 4, 18, 0),
(415, 1, 5, 24, 0),
(416, 1, 1, 1, 0),
(417, 1, 2, 7, 0),
(418, 1, 3, 11, 0),
(419, 1, 4, 18, 0),
(420, 1, 5, 24, 0),
(421, 1, 1, 1, 0),
(422, 1, 2, 7, 0),
(423, 1, 3, 11, 0),
(424, 1, 4, 18, 0),
(425, 1, 5, 24, 0),
(426, 1, 1, 1, 0),
(427, 1, 2, 7, 0),
(428, 1, 3, 11, 0),
(429, 1, 4, 18, 0),
(430, 1, 5, 24, 0),
(431, 1, 1, 1, 0),
(432, 1, 2, 7, 0),
(433, 1, 3, 11, 0),
(434, 1, 4, 18, 0),
(435, 1, 5, 24, 0),
(436, 1, 1, 1, 0),
(437, 1, 2, 7, 0),
(438, 1, 3, 11, 0),
(439, 1, 4, 18, 0),
(440, 1, 5, 24, 0),
(441, 1, 1, 1, 0),
(442, 1, 2, 7, 0),
(443, 1, 3, 11, 0),
(444, 1, 4, 18, 0),
(445, 1, 5, 24, 0),
(446, 1, 1, 1, 0),
(447, 1, 2, 7, 0),
(448, 1, 3, 11, 0),
(449, 1, 4, 18, 0),
(450, 1, 5, 24, 0),
(451, 1, 1, 1, 0),
(452, 1, 2, 7, 0),
(453, 1, 3, 11, 0),
(454, 1, 4, 18, 0),
(455, 1, 5, 24, 0),
(456, 1, 1, 1, 0),
(457, 1, 2, 7, 0),
(458, 1, 3, 11, 0),
(459, 1, 4, 18, 0),
(460, 1, 5, 24, 0),
(461, 1, 1, 1, 0),
(462, 1, 2, 7, 0),
(463, 1, 3, 11, 0),
(464, 1, 4, 18, 0),
(465, 1, 5, 24, 0),
(466, 1, 1, 1, 0),
(467, 1, 2, 7, 0),
(468, 1, 3, 11, 0),
(469, 1, 4, 18, 0),
(470, 1, 5, 24, 0),
(471, 1, 1, 1, 0),
(472, 1, 2, 7, 0),
(473, 1, 3, 11, 0),
(474, 1, 4, 18, 0),
(475, 1, 5, 24, 0),
(476, 1, 1, 1, 0),
(477, 1, 2, 7, 0),
(478, 1, 3, 11, 0),
(479, 1, 4, 18, 0),
(480, 1, 5, 24, 0),
(481, 1, 1, 1, 0),
(482, 1, 2, 7, 0),
(483, 1, 3, 11, 0),
(484, 1, 4, 18, 0),
(485, 1, 5, 24, 0),
(486, 1, 1, 1, 0),
(487, 1, 2, 7, 0),
(488, 1, 3, 11, 0),
(489, 1, 4, 18, 0),
(490, 1, 5, 24, 0),
(491, 1, 1, 1, 0),
(492, 1, 2, 7, 0),
(493, 1, 3, 11, 0),
(494, 1, 4, 18, 0),
(495, 1, 5, 24, 0),
(496, 1, 1, 1, 0),
(497, 1, 2, 7, 0),
(498, 1, 3, 11, 0),
(499, 1, 4, 18, 0),
(500, 1, 5, 24, 0),
(501, 1, 1, 1, 0),
(502, 1, 2, 7, 0),
(503, 1, 3, 11, 0),
(504, 1, 4, 18, 0),
(505, 1, 5, 24, 0),
(506, 1, 1, 1, 0),
(507, 1, 2, 7, 0),
(508, 1, 3, 11, 0),
(509, 1, 4, 18, 0),
(510, 1, 5, 24, 0),
(511, 1, 1, 1, 0),
(512, 1, 2, 7, 0),
(513, 1, 3, 11, 0),
(514, 1, 4, 18, 0),
(515, 1, 5, 24, 0),
(516, 1, 1, 1, 0),
(517, 1, 2, 7, 0),
(518, 1, 3, 11, 0),
(519, 1, 4, 18, 0),
(520, 1, 5, 24, 0),
(521, 1, 1, 1, 0),
(522, 1, 2, 7, 0),
(523, 1, 3, 11, 0),
(524, 1, 4, 18, 0),
(525, 1, 5, 24, 0),
(526, 1, 1, 1, 0),
(527, 1, 2, 7, 0),
(528, 1, 3, 11, 0),
(529, 1, 4, 18, 0),
(530, 1, 5, 24, 0),
(531, 1, 1, 1, 0),
(532, 1, 2, 7, 0),
(533, 1, 3, 11, 0),
(534, 1, 4, 18, 0),
(535, 1, 5, 24, 0),
(536, 1, 1, 1, 0),
(537, 1, 2, 7, 0),
(538, 1, 3, 11, 0),
(539, 1, 4, 18, 0),
(540, 1, 5, 24, 0),
(541, 1, 1, 1, 0),
(542, 1, 2, 7, 0),
(543, 1, 3, 11, 0),
(544, 1, 4, 18, 0),
(545, 1, 5, 24, 0),
(546, 1, 1, 1, 0),
(547, 1, 2, 7, 0),
(548, 1, 3, 11, 0),
(549, 1, 4, 18, 0),
(550, 1, 5, 24, 0),
(551, 1, 1, 1, 0),
(552, 1, 2, 7, 0),
(553, 1, 3, 11, 0),
(554, 1, 4, 18, 0),
(555, 1, 5, 24, 0),
(556, 1, 1, 1, 0),
(557, 1, 2, 7, 0),
(558, 1, 3, 11, 0),
(559, 1, 4, 18, 0),
(560, 1, 5, 24, 0),
(561, 1, 1, 1, 0),
(562, 1, 2, 7, 0),
(563, 1, 3, 11, 0),
(564, 1, 4, 18, 0),
(565, 1, 5, 24, 0),
(566, 1, 1, 1, 0),
(567, 1, 2, 7, 0),
(568, 1, 3, 11, 0),
(569, 1, 4, 18, 0),
(570, 1, 5, 24, 0),
(571, 1, 1, 1, 0),
(572, 1, 2, 7, 0),
(573, 1, 3, 11, 0),
(574, 1, 4, 18, 0),
(575, 1, 5, 24, 0),
(576, 1, 1, 1, 0),
(577, 1, 2, 7, 0),
(578, 1, 3, 11, 0),
(579, 1, 4, 18, 0),
(580, 1, 5, 24, 0),
(581, 1, 1, 1, 0),
(582, 1, 2, 7, 0),
(583, 1, 3, 11, 0),
(584, 1, 4, 18, 0),
(585, 1, 5, 24, 0),
(586, 1, 1, 1, 0),
(587, 1, 2, 7, 0),
(588, 1, 3, 11, 0),
(589, 1, 4, 18, 0),
(590, 1, 5, 24, 0),
(591, 1, 1, 1, 0),
(592, 1, 2, 7, 0),
(593, 1, 3, 11, 0),
(594, 1, 4, 18, 0),
(595, 1, 5, 24, 0),
(596, 1, 1, 1, 0),
(597, 1, 2, 7, 0),
(598, 1, 3, 11, 0),
(599, 1, 4, 18, 0),
(600, 1, 5, 24, 0),
(601, 1, 1, 1, 0),
(602, 1, 2, 7, 0),
(603, 1, 3, 11, 0),
(604, 1, 4, 18, 0),
(605, 1, 5, 24, 0),
(606, 1, 1, 1, 0),
(607, 1, 2, 7, 0),
(608, 1, 3, 11, 0),
(609, 1, 4, 18, 0),
(610, 1, 5, 24, 0),
(611, 1, 1, 1, 0),
(612, 1, 2, 7, 0),
(613, 1, 3, 11, 0),
(614, 1, 4, 18, 0),
(615, 1, 5, 24, 0),
(616, 1, 1, 1, 0),
(617, 1, 2, 7, 0),
(618, 1, 3, 11, 0),
(619, 1, 4, 18, 0),
(620, 1, 5, 24, 0),
(621, 1, 1, 1, 0),
(622, 1, 2, 7, 0),
(623, 1, 3, 11, 0),
(624, 1, 4, 18, 0),
(625, 1, 5, 24, 0),
(626, 1, 1, 1, 0),
(627, 1, 2, 7, 0),
(628, 1, 3, 11, 0),
(629, 1, 4, 18, 0),
(630, 1, 5, 24, 0),
(631, 1, 1, 1, 0),
(632, 1, 2, 7, 0),
(633, 1, 3, 11, 0),
(634, 1, 4, 18, 0),
(635, 1, 5, 24, 0),
(636, 1, 1, 1, 0),
(637, 1, 2, 7, 0),
(638, 1, 3, 11, 0),
(639, 1, 4, 18, 0),
(640, 1, 5, 24, 0),
(641, 1, 1, 1, 0),
(642, 1, 2, 7, 0),
(643, 1, 3, 11, 0),
(644, 1, 4, 18, 0),
(645, 1, 5, 24, 0),
(646, 1, 1, 1, 0),
(647, 1, 2, 7, 0),
(648, 1, 3, 11, 0),
(649, 1, 4, 18, 0),
(650, 1, 5, 24, 0),
(651, 1, 1, 1, 0),
(652, 1, 2, 7, 0),
(653, 1, 3, 11, 0),
(654, 1, 4, 18, 0),
(655, 1, 5, 24, 0),
(656, 1, 1, 1, 0),
(657, 1, 2, 7, 0),
(658, 1, 3, 11, 0),
(659, 1, 4, 18, 0),
(660, 1, 5, 24, 0),
(661, 1, 1, 1, 0),
(662, 1, 2, 7, 0),
(663, 1, 3, 11, 0),
(664, 1, 4, 18, 0),
(665, 1, 5, 24, 0),
(666, 1, 1, 1, 0),
(667, 1, 2, 7, 0),
(668, 1, 3, 11, 0),
(669, 1, 4, 18, 0),
(670, 1, 5, 24, 0),
(671, 1, 1, 1, 0),
(672, 1, 2, 7, 0),
(673, 1, 3, 11, 0),
(674, 1, 4, 18, 0),
(675, 1, 5, 24, 0),
(676, 1, 1, 1, 0),
(677, 1, 2, 7, 0),
(678, 1, 3, 11, 0),
(679, 1, 4, 18, 0),
(680, 1, 5, 24, 0),
(681, 1, 1, 1, 0),
(682, 1, 2, 7, 0),
(683, 1, 3, 11, 0),
(684, 1, 4, 18, 0),
(685, 1, 5, 24, 0),
(686, 1, 1, 1, 0),
(687, 1, 2, 7, 0),
(688, 1, 3, 11, 0),
(689, 1, 4, 18, 0),
(690, 1, 5, 24, 0),
(691, 1, 1, 1, 0),
(692, 1, 2, 7, 0),
(693, 1, 3, 11, 0),
(694, 1, 4, 18, 0),
(695, 1, 5, 24, 0),
(696, 1, 1, 1, 0),
(697, 1, 2, 7, 0),
(698, 1, 3, 11, 0),
(699, 1, 4, 18, 0),
(700, 1, 5, 24, 0),
(701, 1, 1, 1, 0),
(702, 1, 2, 7, 0),
(703, 1, 3, 11, 0),
(704, 1, 4, 18, 0),
(705, 1, 5, 24, 0),
(706, 1, 1, 1, 0),
(707, 1, 2, 7, 0),
(708, 1, 3, 11, 0),
(709, 1, 4, 18, 0),
(710, 1, 5, 24, 0),
(711, 1, 1, 1, 0),
(712, 1, 2, 7, 0),
(713, 1, 3, 11, 0),
(714, 1, 4, 18, 0),
(715, 1, 5, 24, 0),
(716, 1, 1, 1, 0),
(717, 1, 2, 7, 0),
(718, 1, 3, 11, 0),
(719, 1, 4, 18, 0),
(720, 1, 5, 24, 0),
(721, 1, 1, 1, 0),
(722, 1, 2, 7, 0),
(723, 1, 3, 11, 0),
(724, 1, 4, 18, 0),
(725, 1, 5, 24, 0),
(726, 1, 1, 1, 0),
(727, 1, 2, 7, 0),
(728, 1, 3, 11, 0),
(729, 1, 4, 18, 0),
(730, 1, 5, 24, 0),
(731, 1, 1, 1, 0),
(732, 1, 2, 7, 0),
(733, 1, 3, 11, 0),
(734, 1, 4, 18, 0),
(735, 1, 5, 24, 0),
(736, 1, 1, 1, 0),
(737, 1, 2, 7, 0),
(738, 1, 3, 11, 0),
(739, 1, 4, 18, 0),
(740, 1, 5, 24, 0),
(741, 1, 1, 1, 0),
(742, 1, 2, 7, 0),
(743, 1, 3, 11, 0),
(744, 1, 4, 18, 0),
(745, 1, 5, 24, 0),
(746, 1, 1, 1, 0),
(747, 1, 2, 7, 0),
(748, 1, 3, 11, 0),
(749, 1, 4, 18, 0),
(750, 1, 5, 24, 0),
(751, 1, 1, 1, 0),
(752, 1, 2, 7, 0),
(753, 1, 3, 11, 0),
(754, 1, 4, 18, 0),
(755, 1, 5, 24, 0),
(756, 1, 1, 1, 0),
(757, 1, 2, 7, 0),
(758, 1, 3, 11, 0),
(759, 1, 4, 18, 0),
(760, 1, 5, 24, 0),
(761, 1, 1, 1, 0),
(762, 1, 2, 7, 0),
(763, 1, 3, 11, 0),
(764, 1, 4, 18, 0),
(765, 1, 5, 24, 0),
(766, 1, 1, 1, 0),
(767, 1, 2, 7, 0),
(768, 1, 3, 11, 0),
(769, 1, 4, 18, 0),
(770, 1, 5, 24, 0),
(771, 1, 1, 1, 0),
(772, 1, 2, 7, 0),
(773, 1, 3, 11, 0),
(774, 1, 4, 18, 0),
(775, 1, 5, 24, 0),
(776, 1, 1, 1, 0),
(777, 1, 2, 7, 0),
(778, 1, 3, 11, 0),
(779, 1, 4, 18, 0),
(780, 1, 5, 24, 0),
(781, 1, 1, 1, 0),
(782, 1, 2, 7, 0),
(783, 1, 3, 11, 0),
(784, 1, 4, 18, 0),
(785, 1, 5, 24, 0),
(786, 1, 1, 1, 0),
(787, 1, 2, 7, 0),
(788, 1, 3, 11, 0),
(789, 1, 4, 18, 0),
(790, 1, 5, 24, 0),
(791, 1, 1, 1, 0),
(792, 1, 2, 7, 0),
(793, 1, 3, 11, 0),
(794, 1, 4, 18, 0),
(795, 1, 5, 24, 0),
(796, 1, 1, 1, 0),
(797, 1, 2, 7, 0),
(798, 1, 3, 11, 0),
(799, 1, 4, 18, 0),
(800, 1, 5, 24, 0),
(801, 1, 1, 1, 0),
(802, 1, 2, 7, 0),
(803, 1, 3, 11, 0),
(804, 1, 4, 18, 0),
(805, 1, 5, 24, 0),
(806, 1, 1, 1, 0),
(807, 1, 2, 7, 0),
(808, 1, 3, 11, 0),
(809, 1, 4, 18, 0),
(810, 1, 5, 24, 0),
(811, 1, 1, 1, 0),
(812, 1, 2, 7, 0),
(813, 1, 3, 11, 0),
(814, 1, 4, 18, 0),
(815, 1, 5, 24, 0),
(816, 1, 1, 1, 0),
(817, 1, 2, 7, 0),
(818, 1, 3, 11, 0),
(819, 1, 4, 18, 0),
(820, 1, 5, 24, 0),
(821, 1, 1, 1, 0),
(822, 1, 2, 7, 0),
(823, 1, 3, 11, 0),
(824, 1, 4, 18, 0),
(825, 1, 5, 24, 0),
(826, 1, 1, 1, 0),
(827, 1, 2, 7, 0),
(828, 1, 3, 11, 0),
(829, 1, 4, 18, 0),
(830, 1, 5, 24, 0),
(831, 1, 1, 1, 0),
(832, 1, 2, 7, 0),
(833, 1, 3, 11, 0),
(834, 1, 4, 18, 0),
(835, 1, 5, 24, 0),
(836, 1, 1, 1, 0),
(837, 1, 2, 7, 0),
(838, 1, 3, 11, 0),
(839, 1, 4, 18, 0),
(840, 1, 5, 24, 0),
(841, 1, 1, 1, 0),
(842, 1, 2, 7, 0),
(843, 1, 3, 11, 0),
(844, 1, 4, 18, 0),
(845, 1, 5, 24, 0),
(846, 1, 1, 1, 0),
(847, 1, 2, 7, 0),
(848, 1, 3, 11, 0),
(849, 1, 4, 18, 0),
(850, 1, 5, 24, 0),
(851, 1, 1, 1, 0),
(852, 1, 2, 7, 0),
(853, 1, 3, 11, 0),
(854, 1, 4, 18, 0),
(855, 1, 5, 24, 0),
(856, 1, 1, 1, 0),
(857, 1, 2, 7, 0),
(858, 1, 3, 11, 0),
(859, 1, 4, 18, 0),
(860, 1, 5, 24, 0),
(861, 1, 1, 1, 0),
(862, 1, 2, 7, 0),
(863, 1, 3, 11, 0),
(864, 1, 4, 18, 0),
(865, 1, 5, 24, 0),
(866, 1, 1, 1, 0),
(867, 1, 2, 7, 0),
(868, 1, 3, 11, 0),
(869, 1, 4, 18, 0),
(870, 1, 5, 24, 0),
(871, 1, 1, 1, 0),
(872, 1, 2, 7, 0),
(873, 1, 3, 11, 0),
(874, 1, 4, 18, 0),
(875, 1, 5, 24, 0),
(876, 1, 1, 1, 0),
(877, 1, 2, 7, 0),
(878, 1, 3, 11, 0),
(879, 1, 4, 18, 0),
(880, 1, 5, 24, 0),
(881, 1, 1, 1, 0),
(882, 1, 2, 7, 0),
(883, 1, 3, 11, 0),
(884, 1, 4, 18, 0),
(885, 1, 5, 24, 0),
(886, 1, 1, 1, 0),
(887, 1, 2, 7, 0),
(888, 1, 3, 11, 0),
(889, 1, 4, 18, 0),
(890, 1, 5, 24, 0),
(891, 1, 1, 1, 0),
(892, 1, 2, 7, 0),
(893, 1, 3, 11, 0),
(894, 1, 4, 18, 0),
(895, 1, 5, 24, 0),
(896, 1, 1, 1, 0),
(897, 1, 2, 7, 0),
(898, 1, 3, 11, 0),
(899, 1, 4, 18, 0),
(900, 1, 5, 24, 0),
(901, 1, 1, 1, 0),
(902, 1, 2, 7, 0),
(903, 1, 3, 11, 0),
(904, 1, 4, 18, 0),
(905, 1, 5, 24, 0),
(906, 1, 1, 1, 0),
(907, 1, 2, 7, 0),
(908, 1, 3, 11, 0),
(909, 1, 4, 18, 0),
(910, 1, 5, 24, 0),
(911, 1, 1, 1, 0),
(912, 1, 2, 7, 0),
(913, 1, 3, 11, 0),
(914, 1, 4, 18, 0),
(915, 1, 5, 24, 0),
(916, 1, 1, 1, 0),
(917, 1, 2, 7, 0),
(918, 1, 3, 11, 0),
(919, 1, 4, 18, 0),
(920, 1, 5, 24, 0),
(921, 1, 1, 1, 0),
(922, 1, 2, 7, 0),
(923, 1, 3, 11, 0),
(924, 1, 4, 18, 0),
(925, 1, 5, 24, 0),
(926, 1, 1, 1, 0),
(927, 1, 2, 7, 0),
(928, 1, 3, 11, 0),
(929, 1, 4, 18, 0),
(930, 1, 5, 24, 0),
(931, 1, 1, 1, 0),
(932, 1, 2, 7, 0),
(933, 1, 3, 11, 0),
(934, 1, 4, 18, 0),
(935, 1, 5, 24, 0),
(936, 1, 1, 1, 0),
(937, 1, 2, 7, 0),
(938, 1, 3, 11, 0),
(939, 1, 4, 18, 0),
(940, 1, 5, 24, 0),
(941, 1, 1, 1, 0),
(942, 1, 2, 7, 0),
(943, 1, 3, 11, 0),
(944, 1, 4, 18, 0),
(945, 1, 5, 24, 0),
(946, 1, 1, 1, 0),
(947, 1, 2, 7, 0),
(948, 1, 3, 11, 0),
(949, 1, 4, 18, 0),
(950, 1, 5, 24, 0),
(951, 1, 1, 1, 0),
(952, 1, 2, 7, 0),
(953, 1, 3, 11, 0),
(954, 1, 4, 18, 0),
(955, 1, 5, 24, 0),
(956, 1, 1, 1, 0),
(957, 1, 2, 7, 0),
(958, 1, 3, 11, 0),
(959, 1, 4, 18, 0),
(960, 1, 5, 24, 0),
(961, 1, 1, 1, 0),
(962, 1, 2, 7, 0),
(963, 1, 3, 11, 0),
(964, 1, 4, 18, 0),
(965, 1, 5, 24, 0),
(966, 1, 1, 1, 0),
(967, 1, 2, 7, 0),
(968, 1, 3, 11, 0),
(969, 1, 4, 18, 0),
(970, 1, 5, 24, 0),
(971, 1, 1, 1, 0),
(972, 1, 2, 7, 0),
(973, 1, 3, 11, 0),
(974, 1, 4, 18, 0),
(975, 1, 5, 24, 0),
(976, 1, 1, 1, 0),
(977, 1, 2, 7, 0),
(978, 1, 3, 11, 0),
(979, 1, 4, 18, 0),
(980, 1, 5, 24, 0),
(981, 1, 1, 1, 0),
(982, 1, 2, 7, 0),
(983, 1, 3, 11, 0),
(984, 1, 4, 18, 0),
(985, 1, 5, 24, 0),
(986, 1, 1, 1, 0),
(987, 1, 2, 7, 0),
(988, 1, 3, 11, 0),
(989, 1, 4, 18, 0),
(990, 1, 5, 24, 0),
(991, 1, 1, 1, 0),
(992, 1, 2, 7, 0),
(993, 1, 3, 11, 0),
(994, 1, 4, 18, 0),
(995, 1, 5, 24, 0),
(996, 1, 1, 1, 0),
(997, 1, 2, 7, 0),
(998, 1, 3, 11, 0),
(999, 1, 4, 18, 0),
(1000, 1, 5, 24, 0),
(1001, 1, 1, 1, 0),
(1002, 1, 2, 7, 0),
(1003, 1, 3, 11, 0),
(1004, 1, 4, 18, 0),
(1005, 1, 5, 24, 0),
(1006, 1, 1, 1, 0),
(1007, 1, 2, 7, 0),
(1008, 1, 3, 11, 0),
(1009, 1, 4, 18, 0),
(1010, 1, 5, 24, 0),
(1011, 1, 1, 1, 0),
(1012, 1, 2, 7, 0),
(1013, 1, 3, 11, 0),
(1014, 1, 4, 18, 0),
(1015, 1, 5, 24, 0),
(1016, 1, 1, 1, 0),
(1017, 1, 2, 7, 0),
(1018, 1, 3, 11, 0),
(1019, 1, 4, 18, 0),
(1020, 1, 5, 24, 0),
(1021, 1, 1, 1, 0),
(1022, 1, 2, 7, 0),
(1023, 1, 3, 11, 0),
(1024, 1, 4, 18, 0),
(1025, 1, 5, 24, 0),
(1026, 1, 1, 1, 0),
(1027, 1, 2, 7, 0),
(1028, 1, 3, 11, 0),
(1029, 1, 4, 18, 0),
(1030, 1, 5, 24, 0),
(1031, 1, 1, 1, 0),
(1032, 1, 2, 7, 0),
(1033, 1, 3, 11, 0),
(1034, 1, 4, 18, 0),
(1035, 1, 5, 24, 0),
(1036, 1, 1, 1, 0),
(1037, 1, 2, 7, 0),
(1038, 1, 3, 11, 0),
(1039, 1, 4, 18, 0),
(1040, 1, 5, 24, 0),
(1041, 1, 1, 1, 0),
(1042, 1, 2, 7, 0),
(1043, 1, 3, 11, 0),
(1044, 1, 4, 18, 0),
(1045, 1, 5, 24, 0),
(1046, 1, 1, 1, 0),
(1047, 1, 2, 7, 0),
(1048, 1, 3, 11, 0),
(1049, 1, 4, 18, 0),
(1050, 1, 5, 24, 0),
(1051, 1, 1, 1, 0),
(1052, 1, 2, 7, 0),
(1053, 1, 3, 11, 0),
(1054, 1, 4, 18, 0),
(1055, 1, 5, 24, 0),
(1056, 1, 1, 1, 0),
(1057, 1, 2, 7, 0),
(1058, 1, 3, 11, 0),
(1059, 1, 4, 18, 0),
(1060, 1, 5, 24, 0),
(1061, 1, 1, 1, 0),
(1062, 1, 2, 7, 0),
(1063, 1, 3, 11, 0),
(1064, 1, 4, 18, 0),
(1065, 1, 5, 24, 0),
(1066, 1, 1, 1, 0),
(1067, 1, 2, 7, 0),
(1068, 1, 3, 11, 0),
(1069, 1, 4, 18, 0),
(1070, 1, 5, 24, 0),
(1071, 1, 1, 1, 0),
(1072, 1, 2, 7, 0),
(1073, 1, 3, 11, 0),
(1074, 1, 4, 18, 0),
(1075, 1, 5, 24, 0),
(1076, 1, 1, 1, 0),
(1077, 1, 2, 7, 0),
(1078, 1, 3, 11, 0),
(1079, 1, 4, 18, 0),
(1080, 1, 5, 24, 0),
(1081, 1, 1, 1, 0),
(1082, 1, 2, 7, 0),
(1083, 1, 3, 11, 0),
(1084, 1, 4, 18, 0),
(1085, 1, 5, 24, 0),
(1086, 1, 1, 1, 0),
(1087, 1, 2, 7, 0),
(1088, 1, 3, 11, 0),
(1089, 1, 4, 18, 0),
(1090, 1, 5, 24, 0),
(1091, 1, 1, 1, 0),
(1092, 1, 2, 7, 0),
(1093, 1, 3, 11, 0),
(1094, 1, 4, 18, 0),
(1095, 1, 5, 24, 0),
(1096, 1, 1, 1, 0),
(1097, 1, 2, 7, 0),
(1098, 1, 3, 11, 0),
(1099, 1, 4, 18, 0),
(1100, 1, 5, 24, 0),
(1101, 1, 1, 1, 0),
(1102, 1, 2, 7, 0),
(1103, 1, 3, 11, 0),
(1104, 1, 4, 18, 0),
(1105, 1, 5, 24, 0),
(1106, 1, 1, 1, 0),
(1107, 1, 2, 7, 0),
(1108, 1, 3, 11, 0),
(1109, 1, 4, 18, 0),
(1110, 1, 5, 24, 0),
(1111, 1, 1, 1, 0),
(1112, 1, 2, 7, 0),
(1113, 1, 3, 11, 0),
(1114, 1, 4, 18, 0),
(1115, 1, 5, 24, 0),
(1116, 1, 1, 1, 0),
(1117, 1, 2, 7, 0),
(1118, 1, 3, 11, 0),
(1119, 1, 4, 18, 0),
(1120, 1, 5, 24, 0),
(1121, 1, 1, 1, 0),
(1122, 1, 2, 7, 0),
(1123, 1, 3, 11, 0),
(1124, 1, 4, 18, 0),
(1125, 1, 5, 24, 0),
(1126, 1, 1, 1, 0),
(1127, 1, 2, 6, 0),
(1128, 1, 3, 11, 0),
(1129, 1, 4, 16, 0),
(1130, 1, 5, 21, 0),
(1131, 1, 1, 1, 0),
(1132, 1, 2, 6, 0),
(1133, 1, 3, 11, 0),
(1134, 1, 4, 16, 0),
(1135, 1, 5, 25, 1),
(1136, 1, 1, 1, 0),
(1137, 1, 2, 6, 0),
(1138, 1, 3, 11, 0),
(1139, 1, 4, 16, 0),
(1140, 1, 5, 25, 1),
(1141, 1, 1, 1, 0),
(1142, 1, 2, 6, 0),
(1143, 1, 3, 11, 0),
(1144, 1, 4, 16, 0),
(1145, 1, 5, 25, 1),
(1146, 1, 1, 1, 0),
(1147, 1, 2, 6, 0),
(1148, 1, 3, 11, 0),
(1149, 1, 4, 16, 0),
(1150, 1, 5, 25, 1),
(1151, 1, 1, 1, 0),
(1152, 1, 2, 6, 0),
(1153, 1, 3, 11, 0),
(1154, 1, 4, 16, 0),
(1155, 1, 5, 25, 1),
(1156, 1, 1, 1, 0),
(1157, 1, 2, 6, 0),
(1158, 1, 3, 11, 0),
(1159, 1, 4, 16, 0),
(1160, 1, 5, 25, 1),
(1161, 1, 1, 1, 0),
(1162, 1, 2, 6, 0),
(1163, 1, 3, 11, 0),
(1164, 1, 4, 16, 0),
(1165, 1, 5, 25, 1),
(1166, 1, 1, 1, 0),
(1167, 1, 2, 6, 0),
(1168, 1, 3, 11, 0),
(1169, 1, 4, 16, 0),
(1170, 1, 5, 21, 0),
(1171, 1, 1, 1, 0),
(1172, 1, 2, 6, 0),
(1173, 1, 3, 11, 0),
(1174, 1, 4, 16, 0),
(1175, 1, 5, 21, 0),
(1176, 1, 1, 1, 0),
(1177, 1, 2, 6, 0),
(1178, 1, 3, 11, 0),
(1179, 1, 4, 16, 0),
(1180, 1, 5, 21, 0),
(1181, 1, 1, 1, 0),
(1182, 1, 2, 6, 0),
(1183, 1, 3, 11, 0),
(1184, 1, 4, 16, 0),
(1185, 1, 5, 21, 0),
(1186, 1, 1, 1, 0),
(1187, 1, 2, 6, 0),
(1188, 1, 3, 11, 0),
(1189, 1, 4, 16, 0),
(1190, 1, 5, 21, 0),
(1191, 1, 1, 1, 0),
(1192, 1, 2, 6, 0),
(1193, 1, 3, 11, 0),
(1194, 1, 4, 16, 0),
(1195, 1, 5, 21, 0),
(1196, 1, 1, 1, 0),
(1197, 1, 2, 6, 0),
(1198, 1, 3, 11, 0),
(1199, 1, 4, 16, 0),
(1200, 1, 5, 21, 0),
(1201, 1, 1, 2, 1),
(1202, 1, 2, 8, 1),
(1203, 1, 3, 15, 1),
(1204, 1, 4, 17, 1),
(1205, 1, 5, 25, 1),
(1206, 1, 1, 2, 1),
(1207, 1, 2, 8, 1),
(1208, 1, 3, 15, 1),
(1209, 1, 4, 17, 1),
(1210, 1, 5, 25, 1),
(1211, 1, 1, 2, 1),
(1212, 1, 2, 8, 1),
(1213, 1, 3, 15, 1),
(1214, 1, 4, 17, 1),
(1215, 1, 5, 25, 1),
(1216, 1, 1, 1, 0),
(1217, 1, 2, 6, 0),
(1218, 1, 3, 11, 0),
(1219, 1, 4, 16, 0),
(1220, 1, 5, 21, 0),
(1221, 1, 1, 2, 1),
(1222, 1, 2, 6, 0),
(1223, 1, 3, 11, 0),
(1224, 1, 4, 16, 0),
(1225, 1, 5, 21, 0),
(1226, 1, 1, 2, 1),
(1227, 1, 2, 8, 1),
(1228, 1, 3, 15, 1),
(1229, 1, 4, 17, 1),
(1230, 1, 5, 25, 1),
(1231, 1, 1, 1, 0),
(1232, 1, 2, 6, 0),
(1233, 1, 3, 11, 0),
(1234, 1, 4, 16, 0),
(1235, 1, 5, 21, 0),
(1236, 1, 1, 2, 1),
(1237, 1, 2, 6, 0),
(1238, 1, 3, 11, 0),
(1239, 1, 4, 16, 0),
(1240, 1, 5, 21, 0),
(1241, 1, 1, 2, 1),
(1242, 1, 2, 8, 1),
(1243, 1, 3, 15, 1),
(1244, 1, 4, 17, 1),
(1245, 1, 5, 25, 1),
(1246, 11, 1, 2, 1),
(1247, 11, 2, 10, 0),
(1248, 11, 3, 15, 1),
(1249, 11, 4, 19, 0),
(1250, 11, 5, 25, 1),
(1251, 3, 1, 2, 1),
(1252, 3, 2, 7, 0),
(1253, 3, 3, 15, 1),
(1254, 3, 4, 18, 0),
(1255, 3, 5, 24, 0),
(1256, 3, 1, 2, 1),
(1257, 3, 2, 7, 0),
(1258, 3, 3, 15, 1),
(1259, 3, 4, 18, 0),
(1260, 3, 5, 24, 0),
(1261, 3, 1, 5, 0),
(1262, 3, 2, 10, 0),
(1263, 3, 3, 15, 1),
(1264, 3, 4, 20, 0),
(1265, 3, 5, 24, 0),
(1266, 3, 1, 5, 0),
(1267, 3, 2, 10, 0),
(1268, 3, 3, 15, 1),
(1269, 3, 4, 20, 0),
(1270, 3, 5, 24, 0),
(1271, 3, 1, 5, 0),
(1272, 3, 2, 10, 0),
(1273, 3, 3, 15, 1),
(1274, 3, 4, 20, 0),
(1275, 3, 5, 24, 0),
(1291, 16, 1, 2, 1),
(1292, 16, 2, 8, 1),
(1293, 16, 3, 11, 0),
(1294, 16, 4, 16, 0),
(1295, 16, 5, 21, 0),
(1296, 16, 1, 2, 1),
(1297, 16, 2, 8, 1),
(1298, 16, 3, 15, 1),
(1299, 16, 4, 17, 1),
(1300, 16, 5, 25, 1),
(1301, 17, 1, 2, 1),
(1302, 17, 2, 8, 1),
(1303, 17, 3, 15, 1),
(1304, 17, 4, 17, 1),
(1305, 17, 5, 21, 0),
(1306, 5, 1, 5, 0),
(1307, 5, 2, 6, 0),
(1308, 5, 3, 11, 0),
(1309, 5, 4, 20, 0),
(1310, 5, 5, 21, 0),
(1311, 4, 1, 5, 0),
(1312, 4, 2, 9, 0),
(1313, 4, 3, 14, 0),
(1314, 4, 4, 16, 0),
(1315, 4, 5, 24, 0),
(1316, 2, 1, 5, 0),
(1317, 2, 2, 6, 0),
(1318, 2, 3, 11, 0),
(1319, 2, 4, 16, 0),
(1320, 2, 5, 21, 0),
(1321, 2, 1, 1, 0),
(1322, 2, 2, 6, 0),
(1323, 2, 3, 11, 0),
(1324, 2, 4, 16, 0),
(1325, 2, 5, 21, 0),
(1326, 2, 1, 1, 0),
(1327, 2, 2, 6, 0),
(1328, 2, 3, 11, 0),
(1329, 2, 4, 16, 0),
(1330, 2, 5, 21, 0),
(1331, 7, 1, 1, 0),
(1332, 7, 2, 6, 0),
(1333, 7, 3, 11, 0),
(1334, 7, 4, 16, 0),
(1335, 7, 5, 21, 0),
(1336, 8, 1, 1, 0),
(1337, 8, 2, 6, 0),
(1338, 8, 3, 11, 0),
(1339, 8, 4, 16, 0),
(1340, 8, 5, 21, 0),
(1341, 8, 1, 1, 0),
(1342, 8, 2, 6, 0),
(1343, 8, 3, 11, 0),
(1344, 8, 4, 16, 0),
(1345, 8, 5, 21, 0),
(1346, 8, 1, 1, 0),
(1347, 8, 2, 6, 0),
(1348, 8, 3, 11, 0),
(1349, 8, 4, 16, 0),
(1350, 8, 5, 21, 0),
(1351, 18, 1, 2, 1),
(1352, 18, 2, 6, 0),
(1353, 18, 3, 15, 1),
(1354, 18, 4, 16, 0),
(1355, 18, 5, 25, 1),
(1356, 18, 1, 1, 0),
(1357, 18, 2, 6, 0),
(1358, 18, 3, 11, 0),
(1359, 18, 4, 16, 0),
(1360, 18, 5, 21, 0),
(1361, 18, 1, 1, 0),
(1362, 18, 2, 6, 0),
(1363, 18, 3, 11, 0),
(1364, 18, 4, 16, 0),
(1365, 18, 5, 21, 0),
(1366, 18, 1, 1, 0),
(1367, 18, 2, 6, 0),
(1368, 18, 3, 11, 0),
(1369, 18, 4, 16, 0),
(1370, 18, 5, 21, 0),
(1371, 18, 1, 1, 0),
(1372, 18, 2, 6, 0),
(1373, 18, 3, 11, 0),
(1374, 18, 4, 16, 0),
(1375, 18, 5, 21, 0),
(1376, 18, 1, 1, 0),
(1377, 18, 2, 6, 0),
(1378, 18, 3, 11, 0),
(1379, 18, 4, 16, 0),
(1380, 18, 5, 21, 0),
(1381, 18, 1, 1, 0),
(1382, 18, 2, 6, 0),
(1383, 18, 3, 11, 0),
(1384, 18, 4, 16, 0),
(1385, 18, 5, 21, 0),
(1386, 18, 1, 1, 0),
(1387, 18, 2, 6, 0),
(1388, 18, 3, 11, 0),
(1389, 18, 4, 16, 0),
(1390, 18, 5, 21, 0),
(1391, 19, 1, 1, 0),
(1392, 19, 2, 6, 0),
(1393, 19, 3, 11, 0),
(1394, 19, 4, 16, 0),
(1395, 19, 5, 25, 1),
(1396, 3, 1, 2, 1),
(1397, 3, 2, 8, 1),
(1398, 3, 3, 15, 1),
(1399, 3, 4, 17, 1),
(1400, 3, 5, 25, 1),
(1401, 20, 1, 2, 1),
(1402, 20, 2, 6, 0),
(1403, 20, 3, 15, 1),
(1404, 20, 4, 16, 0),
(1405, 20, 5, 25, 1),
(1406, 21, 1, 2, 1),
(1407, 21, 2, 8, 1),
(1408, 21, 3, 15, 1),
(1409, 21, 4, 18, 0),
(1410, 21, 5, 23, 0),
(1411, 3, 1, 2, 1),
(1412, 3, 2, 8, 1),
(1413, 3, 3, 15, 1),
(1414, 3, 4, 17, 1),
(1415, 3, 5, 25, 1),
(1416, 1, 1, 2, 1),
(1417, 1, 2, 8, 1),
(1418, 1, 3, 15, 1),
(1419, 1, 4, 17, 1),
(1420, 1, 5, 25, 1),
(1436, 1, 1, 3, 0),
(1437, 1, 2, 8, 1),
(1438, 1, 3, 13, 0),
(1439, 1, 4, 20, 0),
(1440, 1, 5, 24, 0),
(1441, 1, 1, 1, 0),
(1442, 1, 2, 6, 0),
(1443, 1, 3, 11, 0),
(1444, 1, 4, 16, 0),
(1445, 1, 5, 21, 0),
(1446, 1, 1, 5, 0),
(1447, 1, 2, 10, 0),
(1449, 1, 1, 5, 0),
(1450, 1, 2, 10, 0),
(1451, 1, 3, 15, 1),
(1452, 1, 4, 20, 0),
(1453, 1, 5, 25, 1),
(1454, 1, 1, 5, 0),
(1455, 1, 2, 10, 0),
(1456, 1, 3, 15, 1),
(1457, 1, 4, 20, 0),
(1458, 1, 5, 25, 1),
(1464, 1, 1, 1, 0),
(1465, 1, 2, 7, 0),
(1466, 1, 3, 11, 0),
(1467, 1, 4, 16, 0),
(1468, 1, 5, 21, 0),
(1469, 1, 1, 2, 1),
(1470, 1, 2, 8, 1),
(1471, 1, 3, 15, 1),
(1472, 1, 4, 19, 0),
(1473, 1, 5, 22, 0),
(1475, 1, 6, 33, 1),
(1476, 1, 7, 39, 0),
(1477, 1, 8, 44, 1),
(1478, 1, 9, 26, 1),
(1479, 1, 10, 49, 1),
(1480, 1, 11, 66, 0),
(1481, 1, 12, 56, 0),
(1482, 1, 13, 72, 1),
(1483, 1, 14, 61, 1),
(1484, 1, 15, 51, 0),
(1485, 1, 16, 76, 1),
(1486, 1, 17, 81, 0),
(1487, 1, 18, 86, 0),
(1488, 1, 19, 91, 1),
(1489, 1, 20, 96, 0),
(1490, 4, 1, 1, 0),
(1491, 4, 2, 6, 0),
(1492, 4, 3, 15, 1),
(1493, 4, 4, 16, 0),
(1494, 4, 5, 22, 0),
(1495, 1, 21, 101, 0),
(1496, 1, 22, 106, 0),
(1497, 1, 23, 111, 0),
(1498, 1, 24, 116, 1),
(1499, 1, 25, 121, 1),
(1501, 1, 6, 31, 0),
(1503, 1, 6, 31, 0),
(1505, 1, 6, 31, 0),
(1507, 1, 6, 31, 0),
(1510, 1, 41, 206, 0),
(1511, 1, 42, 211, 0),
(1512, 1, 43, 216, 0),
(1513, 1, 44, 221, 0),
(1514, 1, 45, 201, 0),
(1515, 28, 1, 1, 0),
(1516, 28, 2, 6, 0),
(1517, 28, 3, 11, 0),
(1518, 28, 4, 16, 0),
(1519, 28, 5, 21, 0),
(1520, 28, 6, 31, 0),
(1521, 28, 7, 36, 0),
(1522, 28, 8, 41, 0),
(1523, 28, 9, 26, 1),
(1524, 28, 10, 46, 0),
(1525, 28, 16, 76, 1),
(1526, 28, 17, 81, 0),
(1527, 28, 18, 86, 0),
(1528, 28, 19, 91, 1),
(1529, 28, 20, 96, 0),
(1530, 28, 11, 66, 0),
(1531, 28, 12, 56, 0),
(1532, 28, 13, 71, 0),
(1533, 28, 14, 61, 1),
(1534, 28, 15, 51, 0),
(1535, 28, 21, 101, 0),
(1536, 28, 22, 106, 0),
(1537, 28, 23, 111, 0),
(1538, 28, 24, 116, 1),
(1539, 28, 25, 121, 1),
(1540, 28, 26, 126, 0),
(1541, 28, 27, 131, 0),
(1542, 28, 28, 136, 0),
(1543, 28, 29, 141, 0),
(1544, 28, 30, 146, 0),
(1545, 28, 31, 151, 1),
(1546, 28, 32, 156, 1),
(1547, 28, 33, 161, 0),
(1548, 28, 34, 166, 0),
(1549, 28, 35, 171, 0),
(1550, 28, 36, 176, 0),
(1551, 28, 37, 181, 0),
(1552, 28, 38, 186, 0),
(1553, 28, 39, 191, 0),
(1554, 28, 40, 196, 0),
(1555, 28, 41, 206, 0),
(1556, 28, 42, 211, 0),
(1557, 28, 43, 216, 0),
(1558, 28, 44, 221, 0),
(1559, 28, 45, 201, 0),
(1560, 1, 21, 103, 1),
(1561, 1, 22, 108, 1),
(1562, 1, 23, 113, 1),
(1563, 1, 24, 116, 1),
(1564, 1, 25, 121, 1),
(1565, 28, 11, 70, 1),
(1566, 28, 12, 57, 1),
(1567, 28, 13, 74, 0),
(1568, 28, 14, 61, 1),
(1569, 28, 15, 51, 0),
(1570, 1, 26, 126, 0),
(1571, 1, 27, 134, 1),
(1572, 1, 28, 140, 0),
(1574, 1, 26, 126, 0),
(1575, 1, 27, 132, 0),
(1576, 1, 28, 137, 0),
(1577, 1, 29, 142, 0),
(1578, 1, 30, 147, 0),
(1579, 1, 26, 126, 0),
(1580, 1, 27, 132, 0),
(1581, 1, 28, 137, 0),
(1582, 1, 29, 142, 0),
(1583, 1, 30, 147, 0),
(1584, 1, 31, 151, 1),
(1585, 1, 32, 156, 1),
(1586, 1, 33, 162, 1),
(1587, 1, 34, 167, 1),
(1588, 1, 35, 173, 0),
(1590, 1, 26, 126, 0),
(1591, 1, 27, 131, 0),
(1592, 1, 28, 136, 0),
(1593, 1, 29, 141, 0),
(1594, 1, 30, 146, 0),
(1595, 1, 31, 154, 0),
(1596, 1, 32, 159, 0),
(1597, 1, 33, 163, 0),
(1598, 1, 34, 168, 0),
(1599, 1, 35, 173, 0),
(1600, 1, 21, 104, 0),
(1601, 1, 22, 109, 0),
(1602, 1, 23, 114, 0),
(1604, 1, 16, 78, 0),
(1606, 1, 16, 76, 1),
(1607, 1, 17, 83, 1),
(1608, 1, 18, 89, 1),
(1609, 1, 19, 94, 0),
(1610, 1, 20, 97, 0),
(1611, 4, 1, 2, 1),
(1613, 33, 1, 1, 0),
(1614, 33, 2, 6, 0),
(1615, 33, 3, 11, 0),
(1616, 33, 4, 16, 0),
(1617, 33, 5, 21, 0),
(1618, 33, 1, 1, 0),
(1619, 33, 2, 6, 0),
(1620, 33, 3, 11, 0),
(1621, 33, 4, 16, 0),
(1622, 33, 5, 21, 0),
(1623, 33, 1, 1, 0),
(1624, 33, 2, 6, 0),
(1625, 33, 3, 11, 0),
(1626, 33, 4, 16, 0),
(1627, 33, 5, 21, 0),
(1628, 33, 6, 31, 0),
(1629, 33, 7, 37, 0),
(1630, 33, 8, 41, 0),
(1631, 33, 9, 26, 1),
(1632, 33, 10, 46, 0),
(1633, 33, 16, 76, 1),
(1634, 33, 17, 81, 0),
(1635, 33, 18, 87, 0),
(1636, 33, 19, 92, 0),
(1637, 33, 20, 96, 0),
(1638, 33, 11, 66, 0),
(1639, 33, 12, 56, 0),
(1640, 33, 13, 71, 0),
(1641, 33, 14, 61, 1),
(1642, 33, 15, 51, 0),
(1643, 33, 16, 76, 1),
(1644, 33, 17, 83, 1),
(1645, 33, 18, 87, 0),
(1646, 33, 19, 92, 0),
(1648, 33, 16, 77, 0),
(1649, 33, 17, 83, 1),
(1650, 33, 18, 88, 0),
(1651, 33, 19, 92, 0),
(1652, 33, 20, 97, 0),
(1653, 33, 6, 31, 0),
(1654, 33, 7, 37, 0),
(1655, 33, 8, 41, 0),
(1657, 33, 6, 31, 0),
(1658, 33, 7, 37, 0),
(1659, 33, 8, 41, 0),
(1660, 33, 9, 28, 0),
(1661, 33, 10, 46, 0),
(1662, 33, 1, 1, 0),
(1663, 33, 2, 6, 0),
(1664, 33, 3, 11, 0),
(1665, 33, 4, 16, 0),
(1666, 33, 5, 21, 0),
(1667, 33, 6, 31, 0),
(1668, 33, 7, 36, 0),
(1669, 33, 8, 41, 0),
(1670, 33, 9, 26, 1),
(1671, 33, 10, 46, 0),
(1672, 33, 31, 151, 1),
(1673, 33, 32, 156, 1),
(1674, 33, 33, 161, 0),
(1675, 33, 34, 166, 0),
(1676, 33, 35, 171, 0),
(1677, 33, 36, 176, 0),
(1678, 33, 37, 182, 0),
(1679, 33, 38, 186, 0),
(1680, 33, 39, 191, 0),
(1681, 33, 40, 196, 0),
(1682, 33, 36, 176, 0),
(1683, 33, 37, 181, 0),
(1684, 33, 38, 186, 0),
(1685, 33, 39, 191, 0),
(1686, 33, 40, 196, 0),
(1687, 33, 1, 1, 0),
(1688, 33, 2, 6, 0),
(1689, 33, 3, 11, 0),
(1690, 33, 4, 16, 0),
(1691, 33, 5, 21, 0),
(1692, 33, 6, 31, 0),
(1693, 33, 7, 36, 0),
(1694, 33, 8, 41, 0),
(1695, 33, 9, 26, 1),
(1696, 33, 10, 46, 0),
(1697, 33, 16, 76, 1),
(1698, 33, 17, 81, 0),
(1699, 33, 18, 86, 0),
(1700, 33, 19, 91, 1),
(1701, 33, 20, 96, 0),
(1702, 33, 11, 66, 0),
(1703, 33, 12, 56, 0),
(1704, 33, 13, 71, 0),
(1705, 33, 14, 61, 1),
(1706, 33, 15, 51, 0),
(1707, 33, 6, 31, 0),
(1708, 33, 7, 36, 0),
(1709, 33, 8, 41, 0),
(1710, 33, 9, 26, 1),
(1711, 33, 10, 46, 0),
(1712, 33, 6, 31, 0),
(1713, 33, 7, 36, 0),
(1714, 33, 8, 41, 0),
(1715, 33, 9, 26, 1),
(1716, 33, 10, 46, 0),
(1717, 33, 6, 31, 0),
(1718, 33, 7, 36, 0),
(1719, 33, 8, 41, 0),
(1720, 33, 9, 26, 1),
(1721, 33, 10, 46, 0),
(1722, 33, 6, 31, 0),
(1723, 33, 7, 36, 0),
(1724, 33, 8, 41, 0),
(1725, 33, 9, 26, 1),
(1726, 33, 10, 46, 0),
(1727, 33, 1, 1, 0),
(1728, 33, 2, 6, 0),
(1729, 33, 3, 11, 0),
(1730, 33, 4, 16, 0),
(1731, 33, 5, 21, 0),
(1732, 33, 41, 206, 0),
(1733, 33, 42, 211, 0),
(1734, 33, 43, 217, 1),
(1735, 33, 44, 221, 0),
(1736, 33, 45, 202, 1),
(1737, 33, 36, 176, 0),
(1738, 33, 37, 181, 0),
(1739, 33, 38, 186, 0),
(1740, 33, 39, 191, 0),
(1741, 33, 40, 196, 0),
(1742, 33, 26, 126, 0),
(1743, 33, 27, 131, 0),
(1744, 33, 28, 136, 0),
(1745, 33, 29, 141, 0),
(1746, 33, 30, 146, 0),
(1747, 33, 26, 126, 0),
(1748, 33, 27, 131, 0),
(1749, 33, 28, 136, 0),
(1750, 33, 29, 141, 0),
(1751, 33, 30, 146, 0),
(1752, 33, 31, 151, 1),
(1753, 33, 32, 156, 1),
(1754, 33, 33, 161, 0),
(1755, 33, 34, 166, 0),
(1756, 33, 35, 171, 0),
(1757, 33, 31, 151, 1),
(1758, 33, 32, 156, 1),
(1759, 33, 33, 161, 0),
(1760, 33, 34, 166, 0),
(1761, 33, 35, 171, 0),
(1762, 34, 1, 1, 0),
(1763, 34, 2, 6, 0),
(1764, 34, 3, 11, 0),
(1765, 34, 4, 16, 0),
(1766, 34, 5, 21, 0),
(1767, 34, 6, 31, 0),
(1768, 34, 7, 36, 0),
(1769, 34, 8, 41, 0),
(1770, 34, 9, 26, 1),
(1771, 34, 10, 46, 0),
(1772, 34, 6, 31, 0),
(1773, 34, 7, 36, 0),
(1774, 34, 8, 41, 0),
(1775, 34, 9, 26, 1),
(1776, 34, 10, 46, 0),
(1777, 34, 36, 176, 0),
(1778, 34, 37, 181, 0),
(1779, 34, 38, 186, 0),
(1780, 34, 39, 191, 0),
(1781, 34, 40, 196, 0),
(1782, 34, 36, 176, 0),
(1783, 34, 37, 181, 0),
(1784, 34, 38, 186, 0),
(1785, 34, 39, 191, 0),
(1786, 34, 40, 196, 0),
(1787, 34, 21, 101, 0),
(1788, 34, 22, 106, 0),
(1789, 34, 23, 111, 0),
(1790, 34, 24, 116, 1),
(1791, 34, 25, 121, 1),
(1792, 34, 21, 101, 0),
(1793, 34, 22, 106, 0),
(1794, 34, 23, 111, 0),
(1795, 34, 24, 116, 1),
(1796, 34, 25, 121, 1),
(1797, 34, 41, 206, 0),
(1798, 34, 42, 211, 0),
(1799, 34, 43, 216, 0),
(1800, 34, 44, 221, 0),
(1801, 34, 45, 201, 0),
(1802, 34, 41, 206, 0),
(1803, 34, 42, 211, 0),
(1804, 34, 43, 216, 0),
(1805, 34, 44, 221, 0),
(1806, 34, 45, 201, 0),
(1807, 34, 41, 206, 0),
(1808, 34, 42, 211, 0),
(1809, 34, 43, 216, 0),
(1810, 34, 44, 221, 0),
(1811, 34, 45, 201, 0),
(1812, 34, 41, 206, 0),
(1813, 34, 42, 211, 0),
(1814, 34, 43, 216, 0),
(1815, 34, 44, 221, 0),
(1816, 34, 45, 201, 0),
(1817, 34, 41, 206, 0),
(1818, 34, 42, 211, 0),
(1819, 34, 43, 216, 0),
(1820, 34, 44, 221, 0),
(1821, 34, 45, 201, 0),
(1822, 34, 41, 206, 0),
(1823, 34, 42, 211, 0),
(1824, 34, 43, 216, 0),
(1825, 34, 44, 221, 0),
(1826, 34, 45, 201, 0),
(1827, 34, 16, 76, 1),
(1828, 34, 17, 81, 0),
(1829, 34, 18, 86, 0),
(1830, 34, 19, 91, 1),
(1831, 34, 20, 96, 0),
(1832, 34, 16, 76, 1),
(1833, 34, 17, 81, 0),
(1834, 34, 18, 86, 0),
(1835, 34, 19, 91, 1),
(1836, 34, 20, 96, 0),
(1837, 34, 16, 76, 1),
(1838, 34, 17, 81, 0),
(1839, 34, 18, 86, 0),
(1840, 34, 19, 91, 1),
(1841, 34, 20, 96, 0),
(1842, 34, 16, 76, 1),
(1843, 34, 17, 81, 0),
(1844, 34, 18, 86, 0),
(1845, 34, 19, 91, 1),
(1846, 34, 20, 96, 0),
(1847, 34, 16, 76, 1),
(1848, 34, 17, 81, 0),
(1849, 34, 18, 86, 0),
(1850, 34, 19, 91, 1),
(1851, 34, 20, 96, 0),
(1852, 34, 11, 66, 0),
(1853, 34, 12, 56, 0),
(1854, 34, 13, 71, 0),
(1855, 34, 14, 61, 1),
(1856, 34, 15, 51, 0),
(1857, 35, 1, 1, 0),
(1858, 35, 2, 6, 0),
(1859, 35, 3, 11, 0),
(1860, 35, 4, 16, 0),
(1861, 35, 5, 21, 0),
(1862, 35, 6, 31, 0),
(1863, 35, 7, 36, 0),
(1864, 35, 8, 41, 0),
(1865, 35, 9, 26, 1),
(1866, 35, 10, 46, 0),
(1867, 35, 16, 76, 1),
(1868, 35, 17, 81, 0),
(1869, 35, 18, 87, 0),
(1870, 35, 19, 91, 1),
(1871, 35, 20, 96, 0),
(1872, 35, 11, 66, 0),
(1873, 35, 12, 56, 0),
(1874, 35, 13, 71, 0),
(1875, 35, 14, 61, 1),
(1876, 35, 15, 51, 0);

-- --------------------------------------------------------

--
-- Estrutura para tabela `subconteudos`
--

CREATE TABLE `subconteudos` (
  `subconteudo_id` int(11) NOT NULL,
  `nome` varchar(255) NOT NULL,
  `materia_id` int(11) DEFAULT NULL
) ENGINE=InnoDB DEFAULT CHARSET=utf8mb4 COLLATE=utf8mb4_general_ci;

--
-- Despejando dados para a tabela `subconteudos`
--

INSERT INTO `subconteudos` (`subconteudo_id`, `nome`, `materia_id`) VALUES
(1, 'As quatro operações', 2),
(2, 'Equação do 1° grau', 2),
(3, 'Equação do 2° grau', 2),
(4, 'Razão e proporção', 2),
(5, 'Interpretação de texto', 1),
(6, 'Gêneros textuais', 1),
(7, 'Variedade línguistica', 1),
(8, 'Figuras de linguagem', 1),
(9, 'Genética', 3),
(10, 'Ecologia', 3),
(11, 'Citologia', 3),
(12, 'Evolução', 3),
(13, 'Estequiometria', 4),
(14, 'Funções inorgânicas', 4),
(15, 'Termoquímica', 4),
(16, 'Água e suas propriedades', 4),
(21, 'Brasil colônia', 6),
(22, 'Brasil império', 6),
(23, 'Brasil república', 6),
(24, 'Segunda Guerra Mundial', 6),
(25, 'Urbanização', 7),
(26, 'Meio Ambiente', 7),
(27, 'Demografia', 7),
(28, 'Cartografia', 7),
(29, 'Iluminismo', 8),
(30, 'Contratualismo', 8),
(31, 'Liberalismo', 8),
(32, 'Socialismo', 8),
(33, 'Movimentos sociais', 9),
(34, 'Desigualdades sociais', 9),
(35, 'Cidadania ', 9),
(36, 'Cultura e patrimônio', 9),
(43, 'Ondulatória', 5),
(44, 'Óptica', 5),
(45, 'Cinemática', 5),
(46, 'Eletrodinâmica', 5),
(48, 'Geopolítica', 7);

-- --------------------------------------------------------

--
-- Estrutura para tabela `usuarios`
--

CREATE TABLE `usuarios` (
  `id` int(11) NOT NULL,
  `username` varchar(255) NOT NULL,
  `email` varchar(255) NOT NULL,
  `password` varchar(255) NOT NULL,
  `profile_pic` varchar(255) NOT NULL
) ENGINE=InnoDB DEFAULT CHARSET=utf8mb4 COLLATE=utf8mb4_general_ci;

--
-- Despejando dados para a tabela `usuarios`
--

INSERT INTO `usuarios` (`id`, `username`, `email`, `password`, `profile_pic`) VALUES
(1, 'Nicolas', 'nicolas@email.com', '123', '../../assets/img/uploads/IMG_20230807_203500_010 (1).png'),
(2, 'Victor', 'victor@email.com', '123', ''),
(3, 'Jujuba', 'julia@email.com', '123', '../../assets/img/uploads/20240414_111600.jpg'),
(4, 'Paiva', 'paiva@email.com', '123', ''),
(5, 'Guilherme', 'guilherme@email.com', '123', ''),
(6, 'Neymar', 'neymar@email.com', '123', ''),
(7, 'HearMeOut', 'a@email.com', '1', ''),
(8, 'Peças que se encaixam', 'b@email.com', '1', ''),
(9, 'Monarca', 'c@email.com', '1', ''),
(10, 'Jesus', 'd@email.com', '1', ''),
(11, 'CRIA', '1@email.com', '1', ''),
(16, 'seila', 'seila@email.com', '123', ''),
(17, 'Albert Einstein', 'albert@hotmail.com', '123456', ''),
(18, 'anderson', 'vanin@gmail.com', '123', ''),
(19, 'Zacarias', 'zacarias@email.com', '123', ''),
(20, 'romantico', 'romantico@email.com', '123', ''),
(21, 'Sarah Cristina ', 'sarahcristinaribeiro476@gmail.com', 'shkty7574', ''),
(25, 'vini', 'vini@gmail.com', 'anonovo2014', ''),
(26, 'Enzo', 'enzo@gmail.com', '123', ''),
(28, 'NOVOTESTE', 'novoteste@email.com', '123', ''),
(29, 'Geraldo', 'geraldo@gmail.com', '123', '20240414_111600.jpg'),
(30, 'Regina', 'regina@gmail.com', '123', '../../assets/img/uploads/jett.jpg'),
(31, 'Regina', 'regina@email.com', '123', '../../assets/img/uploads/670c1781815bb6.26323137.jpg'),
(32, 'Rafaela', 'rafaela@gmail.com', '123', '../../assets/img/uploads/20240414_111600.jpg'),
(33, 'Zé', 'zedograu@email.com', '$2y$10$i0/u5Jw1FAKNTEGT.GnBwOn62k4f2RPXWIneyv8JO60B7afSASTla', '../../assets/img/uploads/670c1aea029d64.79325105.jpg'),
(34, 'pão', 'pao@email.com', '$2y$10$Sk.8ZzPcVJ9zS9qIUG2C8.ycBniQqPQjGXioO72Op9lFM6MQ91n16', '../../assets/img/uploads/670c425f8e6299.06764377.png'),
(35, 'Matuê', '30praum@email.com', '$2y$10$0n70es5dwk2V7hevY4NR6ewofH8xQsv2N3Xqw/crzhWei1BqPcCdm', '../../assets/img/uploads/670c4988118967.04786693.png');

-- --------------------------------------------------------

--
-- Estrutura para tabela `videoaulas`
--

CREATE TABLE `videoaulas` (
  `videoaula_id` int(11) NOT NULL,
  `titulo` varchar(255) NOT NULL,
  `url` text NOT NULL,
  `subconteudo_id` int(11) DEFAULT NULL
) ENGINE=InnoDB DEFAULT CHARSET=utf8mb4 COLLATE=utf8mb4_general_ci;

--
-- Despejando dados para a tabela `videoaulas`
--

INSERT INTO `videoaulas` (`videoaula_id`, `titulo`, `url`, `subconteudo_id`) VALUES
(1, 'AS QUATRO OPERAÇÕES', 'https://www.youtube.com/watch?v=751x7-ICCOA', 1),
(2, 'ÓPTICA', 'https://youtu.be/Vvr1lR8px9U', 44),
(3, 'ELETRODINÂMICA', 'https://youtu.be/1WgJr_ccPF8', 46),
(4, 'CINEMÁTICA', 'https://youtu.be/YQ4TbFYRhfs', 45),
(6, 'ONDULATÓRIA', 'https://youtu.be/UD3MqVHo07I', 43),
(7, 'ESTEQUIOMETRIA', 'https://youtu.be/NKof_Khxf1I', 13),
(8, 'FUNÇÕES INORGÂNICAS', 'https://youtu.be/fhIkc8ljhsE', 14),
(9, 'TERMOQUÍMICAS', 'https://youtu.be/MqXxYz-ly8U', 15),
(10, 'AGUA E SUAS PROPRIEDADES', 'https://youtu.be/OQJ6glp3tis', 16);

--
-- Índices para tabelas despejadas
--

--
-- Índices de tabela `alternativas`
--
ALTER TABLE `alternativas`
  ADD PRIMARY KEY (`alternativa_id`),
  ADD KEY `pergunta_id` (`pergunta_id`);

--
-- Índices de tabela `correcoes`
--
ALTER TABLE `correcoes`
  ADD PRIMARY KEY (`correcao_id`),
  ADD KEY `pergunta_id` (`pergunta_id`);

--
-- Índices de tabela `estatisticas_usuarios`
--
ALTER TABLE `estatisticas_usuarios`
  ADD PRIMARY KEY (`estatistica_id`),
  ADD KEY `usuario_id` (`usuario_id`),
  ADD KEY `materia_id` (`materia_id`);

--
-- Índices de tabela `materias`
--
ALTER TABLE `materias`
  ADD PRIMARY KEY (`id`);

--
-- Índices de tabela `pdfs`
--
ALTER TABLE `pdfs`
  ADD PRIMARY KEY (`pdf_id`),
  ADD KEY `subconteudo_id` (`subconteudo_id`) USING BTREE;

--
-- Índices de tabela `perguntas`
--
ALTER TABLE `perguntas`
  ADD PRIMARY KEY (`pergunta_id`),
  ADD KEY `questionario_id` (`questionario_id`);

--
-- Índices de tabela `pontuacoes`
--
ALTER TABLE `pontuacoes`
  ADD PRIMARY KEY (`id`),
  ADD KEY `usuario_id` (`usuario_id`),
  ADD KEY `materia_id` (`materia_id`);

--
-- Índices de tabela `questionarios`
--
ALTER TABLE `questionarios`
  ADD PRIMARY KEY (`questionario_id`),
  ADD KEY `subconteudo_id` (`subconteudo_id`);

--
-- Índices de tabela `respostas_questionarios`
--
ALTER TABLE `respostas_questionarios`
  ADD PRIMARY KEY (`resposta_questionario_id`),
  ADD KEY `questionario_id` (`questionario_id`),
  ADD KEY `usuario_id` (`usuario_id`,`questionario_id`) USING BTREE;

--
-- Índices de tabela `respostas_usuarios`
--
ALTER TABLE `respostas_usuarios`
  ADD PRIMARY KEY (`resposta_id`),
  ADD KEY `usuario_id` (`usuario_id`),
  ADD KEY `pergunta_id` (`pergunta_id`),
  ADD KEY `alternativa_id` (`alternativa_id`);

--
-- Índices de tabela `subconteudos`
--
ALTER TABLE `subconteudos`
  ADD PRIMARY KEY (`subconteudo_id`),
  ADD KEY `materia_id` (`materia_id`);

--
-- Índices de tabela `usuarios`
--
ALTER TABLE `usuarios`
  ADD PRIMARY KEY (`id`),
  ADD UNIQUE KEY `email` (`email`);

--
-- Índices de tabela `videoaulas`
--
ALTER TABLE `videoaulas`
  ADD PRIMARY KEY (`videoaula_id`),
  ADD KEY `subconteudo_id` (`subconteudo_id`);

--
-- AUTO_INCREMENT para tabelas despejadas
--

--
-- AUTO_INCREMENT de tabela `alternativas`
--
ALTER TABLE `alternativas`
  MODIFY `alternativa_id` int(11) NOT NULL AUTO_INCREMENT, AUTO_INCREMENT=226;

--
-- AUTO_INCREMENT de tabela `correcoes`
--
ALTER TABLE `correcoes`
  MODIFY `correcao_id` int(11) NOT NULL AUTO_INCREMENT, AUTO_INCREMENT=10;

--
-- AUTO_INCREMENT de tabela `estatisticas_usuarios`
--
ALTER TABLE `estatisticas_usuarios`
  MODIFY `estatistica_id` int(11) NOT NULL AUTO_INCREMENT;

--
-- AUTO_INCREMENT de tabela `materias`
--
ALTER TABLE `materias`
  MODIFY `id` int(11) NOT NULL AUTO_INCREMENT, AUTO_INCREMENT=12;

--
-- AUTO_INCREMENT de tabela `pdfs`
--
ALTER TABLE `pdfs`
  MODIFY `pdf_id` int(11) NOT NULL AUTO_INCREMENT, AUTO_INCREMENT=10;

--
-- AUTO_INCREMENT de tabela `perguntas`
--
ALTER TABLE `perguntas`
  MODIFY `pergunta_id` int(11) NOT NULL AUTO_INCREMENT, AUTO_INCREMENT=46;

--
-- AUTO_INCREMENT de tabela `pontuacoes`
--
ALTER TABLE `pontuacoes`
  MODIFY `id` int(11) NOT NULL AUTO_INCREMENT, AUTO_INCREMENT=24;

--
-- AUTO_INCREMENT de tabela `questionarios`
--
ALTER TABLE `questionarios`
  MODIFY `questionario_id` int(11) NOT NULL AUTO_INCREMENT, AUTO_INCREMENT=13;

--
-- AUTO_INCREMENT de tabela `respostas_questionarios`
--
ALTER TABLE `respostas_questionarios`
  MODIFY `resposta_questionario_id` int(11) NOT NULL AUTO_INCREMENT, AUTO_INCREMENT=50;

--
-- AUTO_INCREMENT de tabela `respostas_usuarios`
--
ALTER TABLE `respostas_usuarios`
  MODIFY `resposta_id` int(11) NOT NULL AUTO_INCREMENT, AUTO_INCREMENT=1877;

--
-- AUTO_INCREMENT de tabela `subconteudos`
--
ALTER TABLE `subconteudos`
  MODIFY `subconteudo_id` int(11) NOT NULL AUTO_INCREMENT, AUTO_INCREMENT=49;

--
-- AUTO_INCREMENT de tabela `usuarios`
--
ALTER TABLE `usuarios`
  MODIFY `id` int(11) NOT NULL AUTO_INCREMENT, AUTO_INCREMENT=36;

--
-- AUTO_INCREMENT de tabela `videoaulas`
--
ALTER TABLE `videoaulas`
  MODIFY `videoaula_id` int(11) NOT NULL AUTO_INCREMENT, AUTO_INCREMENT=11;

--
-- Restrições para tabelas despejadas
--

--
-- Restrições para tabelas `alternativas`
--
ALTER TABLE `alternativas`
  ADD CONSTRAINT `alternativas_ibfk_1` FOREIGN KEY (`pergunta_id`) REFERENCES `perguntas` (`pergunta_id`) ON DELETE CASCADE;

--
-- Restrições para tabelas `correcoes`
--
ALTER TABLE `correcoes`
  ADD CONSTRAINT `correcoes_ibfk_1` FOREIGN KEY (`pergunta_id`) REFERENCES `perguntas` (`pergunta_id`);

--
-- Restrições para tabelas `estatisticas_usuarios`
--
ALTER TABLE `estatisticas_usuarios`
  ADD CONSTRAINT `estatisticas_usuarios_ibfk_1` FOREIGN KEY (`usuario_id`) REFERENCES `usuarios` (`id`) ON DELETE CASCADE,
  ADD CONSTRAINT `estatisticas_usuarios_ibfk_2` FOREIGN KEY (`materia_id`) REFERENCES `materias` (`id`) ON DELETE CASCADE;

--
-- Restrições para tabelas `pdfs`
--
ALTER TABLE `pdfs`
  ADD CONSTRAINT `pdfs_ibfk_1` FOREIGN KEY (`subconteudo_id`) REFERENCES `subconteudos` (`subconteudo_id`) ON DELETE CASCADE;

--
-- Restrições para tabelas `perguntas`
--
ALTER TABLE `perguntas`
  ADD CONSTRAINT `perguntas_ibfk_1` FOREIGN KEY (`questionario_id`) REFERENCES `questionarios` (`questionario_id`) ON DELETE CASCADE;

--
-- Restrições para tabelas `pontuacoes`
--
ALTER TABLE `pontuacoes`
  ADD CONSTRAINT `pontuacoes_ibfk_1` FOREIGN KEY (`usuario_id`) REFERENCES `usuarios` (`id`) ON DELETE CASCADE,
  ADD CONSTRAINT `pontuacoes_ibfk_2` FOREIGN KEY (`materia_id`) REFERENCES `materias` (`id`) ON DELETE CASCADE;

--
-- Restrições para tabelas `questionarios`
--
ALTER TABLE `questionarios`
  ADD CONSTRAINT `questionarios_ibfk_1` FOREIGN KEY (`subconteudo_id`) REFERENCES `subconteudos` (`subconteudo_id`) ON DELETE CASCADE;

--
-- Restrições para tabelas `respostas_questionarios`
--
ALTER TABLE `respostas_questionarios`
  ADD CONSTRAINT `respostas_questionarios_ibfk_1` FOREIGN KEY (`usuario_id`) REFERENCES `usuarios` (`id`),
  ADD CONSTRAINT `respostas_questionarios_ibfk_2` FOREIGN KEY (`questionario_id`) REFERENCES `questionarios` (`questionario_id`);

--
-- Restrições para tabelas `respostas_usuarios`
--
ALTER TABLE `respostas_usuarios`
  ADD CONSTRAINT `respostas_usuarios_ibfk_1` FOREIGN KEY (`usuario_id`) REFERENCES `usuarios` (`id`) ON DELETE CASCADE,
  ADD CONSTRAINT `respostas_usuarios_ibfk_2` FOREIGN KEY (`pergunta_id`) REFERENCES `perguntas` (`pergunta_id`) ON DELETE CASCADE,
  ADD CONSTRAINT `respostas_usuarios_ibfk_3` FOREIGN KEY (`alternativa_id`) REFERENCES `alternativas` (`alternativa_id`) ON DELETE CASCADE;

--
-- Restrições para tabelas `subconteudos`
--
ALTER TABLE `subconteudos`
  ADD CONSTRAINT `subconteudos_ibfk_1` FOREIGN KEY (`materia_id`) REFERENCES `materias` (`id`) ON DELETE CASCADE;

--
-- Restrições para tabelas `videoaulas`
--
ALTER TABLE `videoaulas`
  ADD CONSTRAINT `videoaulas_ibfk_1` FOREIGN KEY (`subconteudo_id`) REFERENCES `subconteudos` (`subconteudo_id`) ON DELETE CASCADE;
COMMIT;

/*!40101 SET CHARACTER_SET_CLIENT=@OLD_CHARACTER_SET_CLIENT */;
/*!40101 SET CHARACTER_SET_RESULTS=@OLD_CHARACTER_SET_RESULTS */;
/*!40101 SET COLLATION_CONNECTION=@OLD_COLLATION_CONNECTION */;
